Workbook

Sheet D1平日修訂版
A1: D1 | B1: 行政區 | C1: 場站名稱 | D1: 合約柱數 | E1: 夜班配置(平日) | G1: 2.0綁車 | H1: 早班配置(平日) | J1: 2.0綁車 | K1: 晚班配置(平日) | M1: 2.0綁車
A2: 501501001 | B2: 台東市 | C2: 臺東縣政府文化處圖書館 | D2: 55 | E2: 5 | F2: 15 | H2: 2 | I2: 8 | K2: 2 | L2: 8
A3: 501501002 | B3: 台東市 | C3: 臺東轉運站 | D3: 60 | E3: 10 | F3: 10 | H3: 5 | I3: 10 | K3: 5 | L3: 10
A4: 501501003 | B4: 台東市 | C4: 臺東市公所 | D4: 20 | E4: 5 | F4: 5 | H4: 2 | I4: 5 | K4: 2 | L4: 5
A5: 501501004 | B5: 台東市 | C5: 臺東縣政府 | D5: 25 | E5: 5 | F5: 5 | H5: 2 | I5: 5 | K5: 2 | L5: 5
A6: 501501006 | B6: 台東市 | C6: 微光市集 | D6: 30 | E6: 5 | F6: 5 | H6: 3 | I6: 5 | K6: 3 | L6: 5
A7: 501501008 | B7: 台東市 | C7: 臺東縣立體育場 | D7: 20 | E7: 4 | F7: 4 | H7: 2 | I7: 3 | K7: 2 | L7: 3
A8: 501501009 | B8: 台東市 | C8: 東海國宅 | D8: 17 | E8: 5 | F8: 5 | H8: 5 | I8: 5 | K8: 2 | L8: 3
A9: 501501010 | B9: 台東市 | C9: 東海運動公園 | D9: 15 | E9: 4 | F9: 4 | H9: 2 | I9: 4 | K9: 2 | L9: 3
A10: 501501011 | B10: 台東市 | C10: 臺東火車站 | D10: 50 | E10: 10 | F10: 20 | H10: 10 | I10: 20 | K10: 10 | L10: 20
A11: 501501012 | B11: 台東市 | C11: 臺東棒球村第一棒球場 | D11: 20 | E11: 4 | F11: 4 | H11: 2 | I11: 4 | K11: 2 | L11: 4
A12: 501501013 | B12: 台東市 | C12: 寶桑國中活動中心 | D12: 15 | E12: 3 | F12: 3 | H12: 5 | I12: 5 | J12: 10 | K12: 5 | L12: 5 | M12: 10
A13: 501501014 | B13: 台東市 | C13: 生日蛋糕公園 | D13: 18 | E13: 4 | F13: 4 | H13: 4 | I13: 4 | K13: 4 | L13: 4
A14: 501501015 | B14: 台東市 | C14: 國立臺東女子高級中學 | D14: 39 | E14: 10 | F14: 5 | G14: 10 | H14: 20 | I14: 10 | J14: 30 | K14: 20 | L14: 10 | M14: 30
A15: 501501016 | B15: 台東市 | C15: 仁義北路與豐里橋交叉口 | D15: 20 | E15: 5 | F15: 5 | H15: 2 | I15: 5 | K15: 3 | L15: 3
A16: 501501017 | B16: 台東市 | C16: 臺東公園 | D16: 20 | E16: 4 | F16: 4 | H16: 2 | I16: 4 | K16: 2 | L16: 4
A17: 501501018 | B17: 台東市 | C17: 兒福聯盟臺東工作站 | D17: 27 | E17: 5 | F17: 5 | H17: 2 | I17: 5 | K17: 2 | L17: 5
A18: 501501019 | B18: 台東市 | C18: 國立臺東高級商業職業學校 | D18: 15 | E18: 4 | F18: 4 | H18: 3 | I18: 4 | J18: 10 | K18: 3 | L18: 4 | M18: 10
A19: 501501021 | B19: 台東市 | C19: 寶桑國小 | D19: 15 | E19: 4 | F19: 4 | H19: 3 | I19: 5 | K19: 3 | L19: 5
A20: 501501022 | B20: 台東市 | C20: 臺東縣環境保護局 | D20: 15 | E20: 4 | F20: 4 | H20: 2 | I20: 4 | K20: 2 | L20: 4
A21: 501501023 | B21: 台東市 | C21: 臺東市漢中街公園 | D21: 12 | E21: 3 | F21: 3 | H21: 2 | I21: 3 | K21: 2 | L21: 3
A22: 501501024 | B22: 台東市 | C22: 臺東聖母醫院 | D22: 18 | E22: 3 | F22: 3 | H22: 3 | I22: 3 | K22: 3 | L22: 3
A23: 501501025 | B23: 台東市 | C23: 柳州街停車場 | D23: 20 | E23: 7 | F23: 7 | H23: 7 | I23: 7 | K23: 2 | L23: 2
A24: 501501026 | B24: 台東市 | C24: 仁義北路河堤涼亭 | D24: 20 | E24: 4 | F24: 4 | H24: 2 | I24: 4 | K24: 2 | L24: 4
A25: 501501027 | B25: 台東市 | C25: 國立臺東高級中學學生宿舍 | D25: 20 | E25: 6 | F25: 5 | H25: 2 | I25: 5 | K25: 2 | L25: 5
A26: 501501029 | B26: 台東市 | C26: 桂林南路238巷與中華路一段719巷口 | D26: 18 | E26: 2 | F26: 2 | H26: 4 | I26: 4 | J26: 15 | K26: 4 | L26: 4 | M26: 15
A27: 501501030 | B27: 台東市 | C27: 臺東縣私立公東高級工業職業學校 | D27: 20 | E27: 4 | F27: 4 | H27: 4 | I27: 4 | K27: 4 | L27: 4
A28: 501501031 | B28: 台東市 | C28: 四維夜市 | D28: 17 | E28: 4 | F28: 4 | H28: 4 | I28: 3 | K28: 4 | L28: 3
A29: 501501032 | B29: 台東市 | C29: 四維路三段與傳廣路交叉口 | D29: 16 | E29: 4 | F29: 4 | H29: 2 | I29: 3 | K29: 2 | L29: 3
A30: 501501033 | B30: 台東市 | C30: 四維路三段與泰安街(西側) | D30: 20 | E30: 4 | F30: 4 | H30: 2 | I30: 3 | K30: 2 | L30: 3
A31: 501501034 | B31: 台東市 | C31: 開封街鐵馬道 | D31: 12 | E31: 5 | F31: 4 | H31: 5 | I31: 4 | K31: 5 | L31: 4
A32: 501501035 | B32: 台東市 | C32: 四維路三段與長安街交叉口 | D32: 13 | E32: 3 | F32: 3 | H32: 4 | I32: 3 | J32: 10 | K32: 4 | L32: 3 | M32: 10
A33: 501501036 | B33: 台東市 | C33: 臺東縣立新生國民中學 | D33: 23 | E33: 4 | F33: 4 | H33: 8 | I33: 7 | J33: 10 | K33: 8 | L33: 7 | M33: 10
A34: 501501037 | B34: 台東市 | C34: 臺東縣臺東市康樂國小 | D34: 20 | E34: 4 | F34: 4 | H34: 2 | I34: 4 | K34: 2 | L34: 4
A35: 501501038 | B35: 台東市 | C35: 臺東專科學校宿舍 | D35: 15 | E35: 6 | F35: 6 | G35: 8 | H35: 6 | I35: 6 | J35: 8 | K35: 6 | L35: 6 | M35: 8
A36: 501501039 | B36: 台東市 | C36: 臺東專科學校 | D36: 30 | E36: 2 | F36: 2 | H36: 1 | I36: 20 | J36: 10+10 | K36: 1 | L36: 20 | M36: 10+10
A37: 501501040 | B37: 台東市 | C37: 正氣公園 | D37: 16 | E37: 3 | F37: 3 | H37: 3 | I37: 3 | K37: 3 | L37: 3
A38: 501501041 | B38: 台東市 | C38: 長沙街溜冰場 | D38: 28 | E38: 8 | F38: 8 | H38: 6 | I38: 6 | K38: 6 | L38: 6
A39: 501501042 | B39: 台東市 | C39: 臺東航空站 | D39: 20 | E39: 6 | F39: 2 | H39: 6 | I39: 2 | K39: 6 | L39: 2
A40: 501501043 | B40: 台東市 | C40: 娜路彎大酒店 | D40: 30 | E40: 5 | F40: 10 | H40: 5 | I40: 5 | K40: 5 | L40: 5
A41: 501501044 | B41: 台東市 | C41: 臺東大學附屬特殊教育學校 | D41: 20 | E41: 4 | F41: 4 | H41: 3 | I41: 3 | K41: 3 | L41: 3
A42: 501501045 | B42: 台東市 | C42: 康樂火車站 | D42: 24 | E42: 6 | F42: 0 | H42: 6 | I42: 0 | K42: 6 | L42: 0
A43: 501501046 | B43: 台東市 | C43: 國立臺灣史前文化博物館 | D43: 30 | E43: 5 | F43: 5 | H43: 3 | I43: 5 | K43: 3 | L43: 5
A44: 501501047 | B44: 台東市 | C44: 臺東大學附屬體育高級中學 | D44: 20 | E44: 7 | F44: 7 | H44: 7 | I44: 7 | K44: 7 | L44: 7
A45: 501501048 | B45: 台東市 | C45: 臺東表演藝術創生基地 | D45: 20 | E45: 5 | F45: 5 | H45: 3 | I45: 4 | K45: 3 | L45: 4
A46: 501501049 | B46: 台東市 | C46: 臺東市新生國民小學 | D46: 16 | E46: 3 | F46: 3 | H46: 3 | I46: 3 | K46: 3 | L46: 3
A47: 501501050 | B47: 台東市 | C47: 北町日式宿舍 | D47: 16 | E47: 3 | F47: 3 | H47: 5 | I47: 5 | J47: 5 | K47: 5 | L47: 5 | M47: 5
A48: 501501051 | B48: 台東市 | C48: 國立臺東大學知本校區正門 | D48: 30 | E48: 6 | F48: 6 | H48: 6 | I48: 6 | K48: 6 | L48: 6
A49: 501501052 | B49: 台東市 | C49: 卑南遺址公園 | D49: 31 | E49: 3 | F49: 3 | H49: 2 | I49: 3 | K49: 2 | L49: 3
A50: 501501053 | B50: 台東市 | C50: 新興路與北安路52巷口 | D50: 20 | E50: 6 | F50: 6 | H50: 2 | I50: 4 | K50: 2 | L50: 4
A51: 501501054 | B51: 台東市 | C51: 知本火車站 | D51: 30 | E51: 5 | F51: 8 | H51: 5 | I51: 8 | K51: 5 | L51: 8
A52: 501501055 | B52: 台東市 | C52: 臺東市仁愛國民小學 | D52: 25 | E52: 5 | F52: 5 | H52: 3 | I52: 5 | K52: 3 | L52: 5
A53: 501501056 | B53: 台東市 | C53: 南一街與南一街113巷口 | D53: 20 | E53: 4 | F53: 4 | H53: 4 | I53: 4 | K53: 4 | L53: 3
A54: 501501057 | B54: 台東市 | C54: 馬蘭部落更生聚會所 | D54: 18 | E54: 4 | F54: 4 | H54: 4 | I54: 4 | K54: 4 | L54: 4
A55: 501501058 | B55: 台東市 | C55: 統冠聯合超市(臺東店) | D55: 15 | E55: 3 | F55: 3 | H55: 3 | I55: 3 | K55: 3 | L55: 3
A56: 501501059 | B56: 台東市 | C56: 寶桑里活動中心 | D56: 22 | E56: 5 | F56: 5 | H56: 5 | I56: 3 | K56: 5 | L56: 3
A57: 501501060 | B57: 台東市 | C57: 臺東市豐田國民小學 | D57: 20 | E57: 4 | F57: 4 | H57: 4 | I57: 4 | K57: 4 | L57: 4
A58: 501501061 | B58: 台東市 | C58: 自強公園 | D58: 20 | E58: 3 | F58: 3 | H58: 3 | I58: 3 | K58: 3 | L58: 3
A59: 501501062 | B59: 台東市 | C59: 臺東市東海國民小學 | D59: 18 | E59: 3 | F59: 3 | H59: 3 | I59: 3 | K59: 3 | L59: 3
A60: 501501063 | B60: 台東市 | C60: 榮民總醫院更生院區 | D60: 20 | E60: 5 | F60: 5 | H60: 5 | I60: 5 | K60: 5 | L60: 5
A61: 501501064 | B61: 台東市 | C61: 東方大鎮鐵馬道 | D61: 19 | E61: 1 | F61: 15 | G61: 25 | H61: 3 | I61: 3 | K61: 3 | L61: 3
A62: 501501065 | B62: 台東市 | C62: 更生北路384巷與永安街口 | D62: 25 | E62: 3 | F62: 7 | H62: 2 | I62: 7 | K62: 2 | L62: 3
A63: 501501066 | B63: 台東市 | C63: 東立羽球館 | D63: 21 | E63: 2 | F63: 4 | H63: 2 | I63: 2 | K63: 2 | L63: 2
A64: 501501069 | B64: 台東市 | C64: 立麗大酒店 | D64: 15 | E64: 2 | F64: 2 | H64: 2 | I64: 2 | K64: 2 | L64: 2
A65: 501501070 | B65: 台東市 | C65: 大橋部落聚會所 | D65: 16 | E65: 2 | F65: 5 | H65: 2 | I65: 3 | K65: 2 | L65: 3
A66: 501501071 | B66: 台東市 | C66: 興安路二段與樂利路口 | D66: 20 | E66: 4 | F66: 5 | H66: 4 | I66: 5 | K66: 4 | L66: 5
A67: 501501072 | B67: 台東市 | C67: 知本代天府 | D67: 20 | E67: 6 | F67: 0 | H67: 6 | I67: 0 | K67: 6 | L67: 0
A68: 501501074 | B68: 台東市 | C68: 富岡地質公園 | D68: 30 | E68: 5 | F68: 5 | H68: 5 | I68: 5 | K68: 5 | L68: 5
A69: 501501076 | B69: 台東市 | C69: 育仁中學 | D69: 31 | E69: 5 | F69: 5 | H69: 5 | I69: 5 | K69: 5 | L69: 5
A70: 501501077 | B70: 台東市 | C70: 馬蘭橋 | D70: 20 | E70: 4 | F70: 0 | H70: 4 | I70: 0 | K70: 4 | L70: 0
A71: 501501078 | B71: 台東市 | C71: 秀泰影城 | D71: 24 | E71: 4 | F71: 4 | H71: 6 | I71: 6 | K71: 6 | L71: 6
A72: 501501079 | B72: 台東市 | C72: 臺東社區大學 | D72: 25 | E72: 3 | F72: 3 | H72: 7 | I72: 7 | J72: 10 | K72: 7 | L72: 7 | M72: 10
A73: 501501080 | B73: 台東市 | C73: 臺東縣長期照顧中心 | D73: 25 | E73: 4 | F73: 4 | H73: 2 | I73: 4 | K73: 2 | L73: 4
A74: 501501081 | B74: 台東市 | C74: 仁和公園 | D74: 15 | E74: 3 | F74: 3 | H74: 3 | I74: 3 | K74: 3 | L74: 3
A75: 501501083 | B75: 台東市 | C75: 法鼓山信行寺 | D75: 19 | E75: 4 | F75: 5 | H75: 4 | I75: 5 | K75: 4 | L75: 5
A76: 501501084 | B76: 台東市 | C76: 臺東縣立壘球場 | D76: 24 | E76: 3 | F76: 3 | H76: 3 | I76: 3 | K76: 3 | L76: 3
A77: 501501085 | B77: 台東市 | C77: 富岡公有停車場 | D77: 20 | E77: 2 | F77: 4 | H77: 2 | I77: 4 | K77: 2 | L77: 4
A78: 501501086 | B78: 台東市 | C78: 大同路與精誠路口 | D78: 18 | E78: 5 | F78: 5 | H78: 5 | I78: 5 | K78: 5 | L78: 5
A79: 501502002 | B79: 卑南鄉 | C79: 臺東戶政事務所卑南辦公室 | D79: 17 | E79: 3 | F79: 3 | H79: 2 | I79: 5 | K79: 2 | L79: 5
A80: 501502004 | B80: 卑南鄉 | C80: 7-11東遊季門市 | D80: 20 | E80: 4 | F80: 4 | H80: 4 | I80: 4 | K80: 4 | L80: 4
A81: 501502006 | B81: 卑南鄉 | C81: 知本第一公有停車場 | D81: 28 | E81: 3 | F81: 5 | H81: 2 | I81: 5 | K81: 2 | L81: 5
A82: 501502007 | B82: 卑南鄉 | C82: 東台溫泉飯店 | D82: 24 | E82: 4 | F82: 4 | H82: 4 | I82: 4 | K82: 4 | L82: 4
A83: 501502008 | B83: 卑南鄉 | C83: 知本國家森林遊樂區 | D83: 24 | E83: 4 | F83: 4 | H83: 4 | I83: 4 | K83: 4 | L83: 4
D84: =SUM(D2:D83) -> 1819 | E84: =SUM(E2:E83) -> 356 | F84: =SUM(F2:F83) -> 386 | G84: =SUM(G2:G83) -> 43 | H84: =SUM(H2:H83) -> 318 | I84: =SUM(I2:I83) -> 387 | J84: =SUM(J2:J83) -> 108 | K84: =SUM(K2:K83) -> 311 | ... M84: =SUM(M2:M83) -> 108

Sheet 「D1平日」修訂版0217
A1: D1 | B1: 行政區 | C1: 場站名稱 | D1: 合約柱數 | E1: 夜班配置(平日) | G1: 2.0綁車 | H1: 早班配置(平日) | J1: 2.0綁車 | K1: 晚班配置(平日) | M1: 2.0綁車
A2: 501501001 | B2: 台東市 | C2: 臺東縣政府文化處圖書館 | D2: 55 | E2: 25 | F2: 8 | H2: 2 | I2: 8 | K2: 2 | L2: 8
A3: 501501002 | B3: 台東市 | C3: 臺東轉運站 | D3: 60 | E3: 10 | F3: 15 | H3: 5 | I3: 10 | K3: 5 | L3: 10
A4: 501501003 | B4: 台東市 | C4: 臺東市公所 | D4: 20 | E4: 5 | F4: 5 | H4: 2 | I4: 5 | K4: 2 | L4: 5
A5: 501501004 | B5: 台東市 | C5: 臺東縣政府 | D5: 25 | E5: 5 | F5: 7 | H5: 2 | I5: 7 | K5: 2 | L5: 7
A6: 501501006 | B6: 台東市 | C6: 微光市集 | D6: 30 | E6: 5 | F6: 5 | H6: 3 | I6: 5 | K6: 3 | L6: 5
A7: 501501008 | B7: 台東市 | C7: 臺東縣立體育場 | D7: 20 | E7: 4 | F7: 4 | H7: 2 | I7: 3 | K7: 2 | L7: 3
A8: 501501009 | B8: 台東市 | C8: 東海國宅 | D8: 17 | E8: 5 | F8: 5 | H8: 3 | I8: 3 | K8: 2 | L8: 3
A9: 501501010 | B9: 台東市 | C9: 東海運動公園 | D9: 15 | E9: 4 | F9: 4 | H9: 2 | I9: 4 | K9: 2 | L9: 3
A10: 501501011 | B10: 台東市 | C10: 臺東火車站 | D10: 50 | E10: 5 | F10: 20 | H10: 5 | I10: 20 | K10: 5 | L10: 20
A11: 501501012 | B11: 台東市 | C11: 臺東棒球村第一棒球場 | D11: 20 | E11: 4 | F11: 4 | H11: 2 | I11: 4 | K11: 2 | L11: 4
A12: 501501013 | B12: 台東市 | C12: 寶桑國中活動中心 | D12: 15 | E12: 3 | F12: 3 | H12: 5 | I12: 5 | J12: 10 | K12: 5 | L12: 5 | M12: 10
A13: 501501014 | B13: 台東市 | C13: 生日蛋糕公園 | D13: 18 | E13: 4 | F13: 4 | H13: 3 | I13: 2 | K13: 3 | L13: 2
A14: 501501015 | B14: 台東市 | C14: 國立臺東女子高級中學 | D14: 39 | E14: 10 | F14: 5 | G14: 10 | H14: 10 | I14: 20 | J14: 30 | K14: 10 | L14: 20 | M14: 30
A15: 501501016 | B15: 台東市 | C15: 仁義北路與豐里橋交叉口 | D15: 20 | E15: 2 | F15: 5 | H15: 2 | I15: 5 | K15: 3 | L15: 3
A16: 501501017 | B16: 台東市 | C16: 臺東公園 | D16: 20 | E16: 2 | F16: 3 | H16: 2 | I16: 3 | K16: 2 | L16: 3
A17: 501501018 | B17: 台東市 | C17: 兒福聯盟臺東工作站 | D17: 27 | E17: 5 | F17: 7 | H17: 2 | I17: 7 | K17: 2 | L17: 7
A18: 501501019 | B18: 台東市 | C18: 國立臺東高級商業職業學校 | D18: 15 | E18: 2 | F18: 3 | H18: 3 | I18: 4 | J18: 10 | K18: 3 | L18: 4 | M18: 10
A19: 501501021 | B19: 台東市 | C19: 寶桑國小 | D19: 15 | E19: 3 | F19: 3 | H19: 3 | I19: 5 | K19: 3 | L19: 5
A20: 501501022 | B20: 台東市 | C20: 臺東縣環境保護局 | D20: 15 | E20: 4 | F20: 4 | H20: 2 | I20: 4 | K20: 2 | L20: 4
A21: 501501023 | B21: 台東市 | C21: 臺東市漢中街公園 | D21: 12 | E21: 3 | F21: 3 | H21: 2 | I21: 3 | K21: 2 | L21: 3
A22: 501501024 | B22: 台東市 | C22: 臺東聖母醫院 | D22: 18 | E22: 3 | F22: 3 | H22: 2 | I22: 3 | K22: 2 | L22: 3
A23: 501501025 | B23: 台東市 | C23: 柳州街停車場 | D23: 20 | E23: 2 | F23: 12 | H23: 2 | I23: 4 | K23: 2 | L23: 4
A24: 501501026 | B24: 台東市 | C24: 仁義北路河堤涼亭 | D24: 20 | E24: 4 | F24: 4 | H24: 2 | I24: 4 | K24: 2 | L24: 4
A25: 501501027 | B25: 台東市 | C25: 國立臺東高級中學學生宿舍 | D25: 20 | E25: 3 | F25: 5 | H25: 3 | I25: 5 | K25: 6 | L25: 5
A26: 501501029 | B26: 台東市 | C26: 桂林南路238巷與中華路一段719巷口 | D26: 18 | E26: 2 | F26: 2 | H26: 4 | I26: 4 | J26: 15 | K26: 4 | L26: 4 | M26: 15
A27: 501501030 | B27: 台東市 | C27: 臺東縣私立公東高級工業職業學校 | D27: 20 | E27: 4 | F27: 4 | H27: 4 | I27: 4 | K27: 4 | L27: 4
A28: 501501031 | B28: 台東市 | C28: 四維夜市 | D28: 17 | E28: 4 | F28: 4 | H28: 3 | I28: 3 | K28: 3 | L28: 3
A29: 501501032 | B29: 台東市 | C29: 四維路三段與傳廣路交叉口 | D29: 16 | E29: 4 | F29: 4 | H29: 2 | I29: 3 | K29: 2 | L29: 3
A30: 501501033 | B30: 台東市 | C30: 四維路三段與泰安街(西側) | D30: 20 | E30: 2 | F30: 3 | H30: 2 | I30: 3 | K30: 2 | L30: 3
A31: 501501034 | B31: 台東市 | C31: 開封街鐵馬道 | D31: 12 | E31: 3 | F31: 3 | H31: 3 | I31: 4 | K31: 3 | L31: 4
A32: 501501035 | B32: 台東市 | C32: 四維路三段與長安街交叉口 | D32: 13 | E32: 3 | F32: 3 | H32: 4 | I32: 3 | J32: 10 | K32: 4 | L32: 3 | M32: 10
A33: 501501036 | B33: 台東市 | C33: 臺東縣立新生國民中學 | D33: 23 | E33: 4 | F33: 4 | H33: 8 | I33: 7 | J33: 10 | K33: 8 | L33: 7 | M33: 10
A34: 501501037 | B34: 台東市 | C34: 臺東縣臺東市康樂國小 | D34: 20 | E34: 2 | F34: 4 | H34: 2 | I34: 4 | K34: 2 | L34: 4
A35: 501501038 | B35: 台東市 | C35: 臺東專科學校宿舍 | D35: 15 | E35: 2 | F35: 8 | G35: 8 | H35: 2 | I35: 8 | J35: 8 | K35: 2 | L35: 8 | M35: 8
A36: 501501039 | B36: 台東市 | C36: 臺東專科學校 | D36: 30 | E36: 2 | F36: 2 | H36: 1 | I36: 20 | J36: 10+10 | K36: 1 | L36: 20 | M36: 10+10
A37: 501501040 | B37: 台東市 | C37: 正氣公園 | D37: 16 | E37: 2 | F37: 3 | H37: 2 | I37: 3 | K37: 3 | L37: 3
A38: 501501041 | B38: 台東市 | C38: 長沙街溜冰場 | D38: 28 | E38: 7 | F38: 8 | H38: 5 | I38: 6 | K38: 4 | L38: 4
A39: 501501042 | B39: 台東市 | C39: 臺東航空站 | D39: 20 | E39: 5 | F39: 0 | H39: 5 | I39: 0 | K39: 5 | L39: 0
A40: 501501043 | B40: 台東市 | C40: 娜路彎大酒店 | D40: 30 | E40: 4 | F40: 10 | H40: 4 | I40: 5 | K40: 4 | L40: 5
A41: 501501044 | B41: 台東市 | C41: 臺東大學附屬特殊教育學校 | D41: 20 | E41: 3 | F41: 4 | H41: 2 | I41: 3 | K41: 2 | L41: 3
A42: 501501045 | B42: 台東市 | C42: 康樂火車站 | D42: 24 | E42: 3 | F42: 0 | H42: 3 | I42: 0 | K42: 3 | L42: 0
A43: 501501046 | B43: 台東市 | C43: 國立臺灣史前文化博物館 | D43: 30 | E43: 2 | F43: 5 | H43: 1 | I43: 5 | K43: 1 | L43: 5
A44: 501501047 | B44: 台東市 | C44: 臺東大學附屬體育高級中學 | D44: 20 | E44: 7 | F44: 7 | H44: 6 | I44: 7 | K44: 6 | L44: 7
A45: 501501048 | B45: 台東市 | C45: 臺東表演藝術創生基地 | D45: 20 | E45: 4 | F45: 5 | H45: 2 | I45: 4 | K45: 2 | L45: 4
A46: 501501049 | B46: 台東市 | C46: 臺東市新生國民小學 | D46: 16 | E46: 2 | F46: 3 | H46: 2 | I46: 3 | K46: 2 | L46: 3
A47: 501501050 | B47: 台東市 | C47: 北町日式宿舍 | D47: 16 | E47: 3 | F47: 3 | H47: 5 | I47: 5 | J47: 5 | K47: 5 | L47: 5 | M47: 5
A48: 501501051 | B48: 台東市 | C48: 國立臺東大學知本校區正門 | D48: 30 | E48: 5 | F48: 6 | H48: 5 | I48: 6 | K48: 5 | L48: 6
A49: 501501052 | B49: 台東市 | C49: 卑南遺址公園 | D49: 31 | E49: 2 | F49: 2 | H49: 2 | I49: 2 | K49: 2 | L49: 2
A50: 501501053 | B50: 台東市 | C50: 新興路與北安路52巷口 | D50: 20 | E50: 5 | F50: 5 | H50: 2 | I50: 4 | K50: 2 | L50: 4
A51: 501501054 | B51: 台東市 | C51: 知本火車站 | D51: 30 | E51: 5 | F51: 8 | H51: 2 | I51: 8 | K51: 2 | L51: 8
A52: 501501055 | B52: 台東市 | C52: 臺東市仁愛國民小學 | D52: 25 | E52: 3 | F52: 5 | H52: 2 | I52: 4 | K52: 2 | L52: 4
A53: 501501056 | B53: 台東市 | C53: 南一街與南一街113巷口 | D53: 20 | E53: 3 | F53: 4 | H53: 2 | I53: 4 | K53: 2 | L53: 3
A54: 501501057 | B54: 台東市 | C54: 馬蘭部落更生聚會所 | D54: 18 | E54: 5 | F54: 0 | H54: 4 | I54: 0 | K54: 4 | L54: 0
A55: 501501058 | B55: 台東市 | C55: 統冠聯合超市(臺東店) | D55: 15 | E55: 2 | F55: 3 | H55: 2 | I55: 3 | K55: 2 | L55: 3
A56: 501501059 | B56: 台東市 | C56: 寶桑里活動中心 | D56: 22 | E56: 4 | F56: 5 | H56: 4 | I56: 3 | K56: 4 | L56: 3
A57: 501501060 | B57: 台東市 | C57: 臺東市豐田國民小學 | D57: 20 | E57: 3 | F57: 4 | H57: 3 | I57: 4 | K57: 3 | L57: 4
A58: 501501061 | B58: 台東市 | C58: 自強公園 | D58: 20 | E58: 2 | F58: 3 | H58: 2 | I58: 3 | K58: 2 | L58: 3
A59: 501501062 | B59: 台東市 | C59: 臺東市東海國民小學 | D59: 18 | E59: 2 | F59: 3 | H59: 2 | I59: 3 | K59: 2 | L59: 3
A60: 501501063 | B60: 台東市 | C60: 榮民總醫院更生院區 | D60: 20 | E60: 4 | F60: 5 | H60: 4 | I60: 5 | K60: 4 | L60: 5
A61: 501501064 | B61: 台東市 | C61: 東方大鎮鐵馬道 | D61: 19 | E61: 1 | F61: 15 | G61: 25 | H61: 3 | I61: 3 | K61: 3 | L61: 3
A62: 501501065 | B62: 台東市 | C62: 更生北路384巷與永安街口 | D62: 25 | E62: 3 | F62: 7 | H62: 2 | I62: 7 | K62: 2 | L62: 3
A63: 501501066 | B63: 台東市 | C63: 東立羽球館 | D63: 21 | E63: 3 | F63: 4 | H63: 2 | I63: 3 | K63: 2 | L63: 2
A64: 501501069 | B64: 台東市 | C64: 立麗大酒店 | D64: 15 | E64: 4 | F64: 0 | H64: 4 | I64: 0 | K64: 4 | L64: 0
A65: 501501070 | B65: 台東市 | C65: 大橋部落聚會所 | D65: 16 | E65: 2 | F65: 5 | H65: 2 | I65: 2 | K65: 2 | L65: 2
A66: 501501071 | B66: 台東市 | C66: 興安路二段與樂利路口 | D66: 20 | E66: 3 | F66: 4 | H66: 2 | I66: 4 | K66: 2 | L66: 4
A67: 501501072 | B67: 台東市 | C67: 知本代天府 | D67: 20 | E67: 4 | F67: 0 | H67: 4 | I67: 0 | K67: 4 | L67: 0
A68: 501501074 | B68: 台東市 | C68: 富岡地質公園 | D68: 30 | E68: 4 | F68: 2 | H68: 4 | I68: 2 | K68: 4 | L68: 2
A69: 501501076 | B69: 台東市 | C69: 育仁中學 | D69: 31 | E69: 4 | F69: 4 | H69: 4 | I69: 4 | K69: 4 | L69: 4
A70: 501501077 | B70: 台東市 | C70: 馬蘭橋 | D70: 20 | E70: 4 | F70: 0 | H70: 4 | I70: 0 | K70: 4 | L70: 0
A71: 501501078 | B71: 台東市 | C71: 秀泰影城 | D71: 24 | E71: 4 | F71: 4 | H71: 2 | I71: 6 | K71: 2 | L71: 6
A72: 501501079 | B72: 台東市 | C72: 臺東社區大學 | D72: 25 | E72: 3 | F72: 3 | H72: 7 | I72: 7 | J72: 10 | K72: 7 | L72: 7 | M72: 10
A73: 501501080 | B73: 台東市 | C73: 臺東縣長期照顧中心 | D73: 25 | E73: 4 | F73: 4 | H73: 2 | I73: 4 | K73: 2 | L73: 4
A74: 501501081 | B74: 台東市 | C74: 仁和公園 | D74: 15 | E74: 2 | F74: 3 | H74: 2 | I74: 3 | K74: 2 | L74: 3
A75: 501501083 | B75: 台東市 | C75: 法鼓山信行寺 | D75: 19 | E75: 2 | F75: 3 | H75: 2 | I75: 3 | K75: 2 | L75: 3
A76: 501501084 | B76: 台東市 | C76: 臺東縣立壘球場 | D76: 24 | E76: 2 | F76: 3 | H76: 2 | I76: 3 | K76: 2 | L76: 3
A77: 501501085 | B77: 台東市 | C77: 富岡公有停車場 | D77: 20 | E77: 1 | F77: 4 | H77: 1 | I77: 4 | K77: 1 | L77: 4
A78: 501501086 | B78: 台東市 | C78: 大同路與精誠路口 | D78: 18 | E78: 4 | F78: 5 | H78: 3 | I78: 4 | K78: 3 | L78: 4
A79: 501501087 | B79: 台東市 | C79: 福建路與大同路口 | D79: 17 | E79: 4 | F79: 4 | H79: 4 | I79: 3 | K79: 4 | L79: 3
A80: 501501088 | B80: 台東市 | C80: 知本芙儷渡假酒店 | D80: 15 | E80: 3 | F80: 3 | H80: 3 | I80: 3 | K80: 3 | L80: 3
A81: 501501089 | B81: 台東市 | C81: 衡陽路151巷口 | D81: 19 | E81: 3 | F81: 5 | H81: 3 | I81: 5 | K81: 2 | L81: 3
A82: 501501090 | B82: 台東市 | C82: 原民創產園區 | D82: 19
A83: 501501091 | B83: 台東市 | C83: 復興路128號 | D83: 16 | E83: 3 | F83: 4 | H83: 3 | I83: 3 | K83: 3 | L83: 3
A84: 501502001 | B84: 卑南鄉 | C84: 卑南遊客中心 | D84: 16 | E84: 2 | F84: 2 | H84: 2 | I84: 2 | K84: 2 | L84: 2
A85: 501502002 | B85: 卑南鄉 | C85: 臺東戶政事務所卑南辦公室 | D85: 17 | E85: 2 | F85: 3 | H85: 2 | I85: 3 | K85: 2 | L85: 3
A86: 501502004 | B86: 卑南鄉 | C86: 7-11東遊季門市 | D86: 20 | E86: 4 | F86: 4 | H86: 3 | I86: 4 | K86: 3 | L86: 4
A87: 501502006 | B87: 卑南鄉 | C87: 知本第一公有停車場 | D87: 28 | E87: 3 | F87: 5 | H87: 1 | I87: 5 | K87: 1 | L87: 5
A88: 501502007 | B88: 卑南鄉 | C88: 東台溫泉飯店 | D88: 24 | E88: 4 | F88: 4 | H88: 3 | I88: 4 | K88: 3 | L88: 4
A89: 501502008 | B89: 卑南鄉 | C89: 知本國家森林遊樂區 | D89: 24 | E89: 2 | F89: 4 | H89: 2 | I89: 4 | K89: 2 | L89: 4
D90: =SUM(D2:D89) -> 1921 | E90: =SUM(E2:E89) -> 325 | F90: =SUM(F2:F89) -> 391 | G90: =SUM(G2:G89) -> 43 | H90: =SUM(H2:H89) -> 257 | I90: =SUM(I2:I89) -> 391 | J90: =SUM(J2:J89) -> 108 | K90: =SUM(K2:K89) -> 259 | ... M90: =SUM(M2:M89) -> 108

Sheet 115_D1暑假配置表
A1: D1 | B1: 行政區 | C1: 場站名稱 | D1: 合約柱數 | E1: 夜班配置(暑假) | G1: 2.0綁車 | H1: 早班配置(暑假) | J1: 2.0綁車 | K1: 晚班配置(暑假) | M1: 2.0綁車
A2: 501501001 | B2: 台東市 | C2: 臺東縣政府文化處圖書館 | D2: 55 | E2: 12 | F2: 8 | H2: 2 | I2: 8 | K2: 2 | L2: 8
A3: 501501002 | B3: 台東市 | C3: 臺東轉運站 | D3: 60 | E3: 10 | F3: 15 | H3: 10 | I3: 10 | K3: 5 | L3: 10
A4: 501501003 | B4: 台東市 | C4: 臺東市公所 | D4: 20 | E4: 5 | F4: 5 | H4: 3 | I4: 5 | K4: 3 | L4: 5
A5: 501501004 | B5: 台東市 | C5: 臺東縣政府 | D5: 25 | E5: 5 | F5: 7 | H5: 3 | I5: 7 | K5: 2 | L5: 5
A6: 501501006 | B6: 台東市 | C6: 微光市集 | D6: 30 | E6: 7 | F6: 8 | H6: 3 | I6: 5 | K6: 3 | L6: 5
A7: 501501008 | B7: 台東市 | C7: 臺東縣立體育場 | D7: 20 | E7: 4 | F7: 4 | H7: 2 | I7: 3 | K7: 2 | L7: 3
A8: 501501009 | B8: 台東市 | C8: 東海國宅 | D8: 17 | E8: 2 | F8: 5 | H8: 2 | I8: 3 | K8: 2 | L8: 3
A9: 501501010 | B9: 台東市 | C9: 東海運動公園 | D9: 15 | E9: 2 | F9: 4 | H9: 2 | I9: 4 | K9: 2 | L9: 2
A10: 501501011 | B10: 台東市 | C10: 臺東火車站 | D10: 50 | E10: 5 | F10: 20 | G10: 20 | H10: 5 | I10: 20 | J10: 20 | K10: 5 | L10: 20 | M10: 20
A11: 501501012 | B11: 台東市 | C11: 臺東棒球村第一棒球場 | D11: 20 | E11: 5 | F11: 5 | H11: 2 | I11: 4 | K11: 2 | L11: 4
A12: 501501013 | B12: 台東市 | C12: 寶桑國中活動中心 | D12: 15 | E12: 3 | F12: 3 | H12: 3 | I12: 3 | K12: 3 | L12: 3
A13: 501501014 | B13: 台東市 | C13: 生日蛋糕公園 | D13: 18 | E13: 5 | F13: 5 | H13: 3 | I13: 3 | K13: 3 | L13: 3
A14: 501501015 | B14: 台東市 | C14: 國立臺東女子高級中學 | D14: 39 | E14: 3 | F14: 7 | H14: 3 | I14: 7 | K14: 3 | L14: 7
A15: 501501016 | B15: 台東市 | C15: 仁義北路與豐里橋交叉口 | D15: 20 | E15: 2 | F15: 5 | H15: 2 | I15: 5 | K15: 3 | L15: 3
A16: 501501017 | B16: 台東市 | C16: 臺東公園 | D16: 20 | E16: 3 | F16: 2 | H16: 3 | I16: 1 | K16: 3 | L16: 1
A17: 501501018 | B17: 台東市 | C17: 兒福聯盟臺東工作站 | D17: 27 | E17: 6 | F17: 6 | H17: 3 | I17: 5 | K17: 3 | L17: 3
A18: 501501019 | B18: 台東市 | C18: 國立臺東高級商業職業學校 | D18: 15 | E18: 4 | F18: 4 | H18: 4 | I18: 4 | K18: 4 | L18: 4
A19: 501501021 | B19: 台東市 | C19: 寶桑國小 | D19: 15 | E19: 3 | F19: 3 | H19: 3 | I19: 5 | K19: 3 | L19: 5
A20: 501501022 | B20: 台東市 | C20: 臺東縣環境保護局 | D20: 15 | E20: 4 | F20: 4 | H20: 5 | I20: 5 | K20: 2 | L20: 4
A21: 501501023 | B21: 台東市 | C21: 臺東市漢中街公園 | D21: 12 | E21: 3 | F21: 3 | H21: 2 | I21: 3 | K21: 2 | L21: 3
A22: 501501024 | B22: 台東市 | C22: 臺東聖母醫院 | D22: 18 | E22: 3 | F22: 3 | H22: 2 | I22: 3 | K22: 2 | L22: 3
... A89: 501502008 | B89: 卑南鄉 | C89: 知本國家森林遊樂區 | D89: 24 | E89: 2 | F89: 4 | H89: 2 | I89: 4 | K89: 2 | L89: 4
D90: =SUM(D2:D89) -> 1959 | E90: =SUM(E2:E89) -> 319 | F90: =SUM(F2:F89) -> 379 | G90: =SUM(G2:G89) -> 20 | H90: =SUM(H2:H89) -> 268 | I90: =SUM(I2:I89) -> 340 | J90: =SUM(J2:J89) -> 20 | K90: =SUM(K2:K89) -> 239 | ... M90: =SUM(M2:M89) -> 20

Sheet 115_D2、D3暑假配置表
A1: D2 | B1: 行政區 | C1: 場站名稱 | D1: 合約柱數 | E1: 夜班配置(暑假) | G1: 2.0綁車 | H1: 早班配置(暑假) | J1: 2.0綁車 | K1: 晚班配置(暑假) | M1: 2.0綁車
A2: 501502003 | B2: 卑南鄉 | C2: 卑南鄉老人文康中心 | D2: 15 | E2: 3 | F2: 0 | H2: 3 | I2: 0 | K2: 3 | L2: 0
A3: 501503001 | B3: 鹿野鄉 | C3: 瑞源車站 | D3: 20 | E3: 2 | F3: 4 | H3: 2 | I3: 4 | K3: 2 | L3: 4
A4: 501503002 | B4: 鹿野鄉 | C4: 永安農產品銷售中心 | D4: 23 | E4: 4 | F4: 0 | H4: 4 | I4: 0 | K4: 4 | L4: 0
A5: 501503003 | B5: 鹿野鄉 | C5: 龍田大草坪 | D5: 30 | E5: 2 | F5: 6 | H5: 2 | I5: 6 | K5: 2 | L5: 6
A6: 501503004 | B6: 鹿野鄉 | C6: 鹿野車站 | D6: 49 | E6: 2 | F6: 10 | H6: 2 | I6: 8 | K6: 2 | L6: 6
A7: 501503005 | B7: 鹿野鄉 | C7: 福鹿山休閒農莊 | D7: 22 | E7: 1 | F7: 6 | H7: 1 | I7: 6 | K7: 1 | L7: 6
A8: 501503006 | B8: 鹿野鄉 | C8: 鹿野地區農會 | D8: 24 | E8: 2 | F8: 2 | H8: 2 | I8: 2 | K8: 2 | L8: 2
A9: 501503007 | B9: 鹿野鄉 | C9: 龍田老人會館 | D9: 20 | E9: 2 | F9: 2 | H9: 2 | I9: 4 | K9: 2 | L9: 4
A10: 501503008 | B10: 鹿野鄉 | C10: 永安環教中心 | D10: 20 | E10: 4 | F10: 0 | H10: 4 | I10: 0 | K10: 4 | L10: 0
A11: 501504001 | B11: 關山鎮 | C11: 關山車站 | D11: 60 | E11: 15 | F11: 10 | H11: 10 | I11: 10 | K11: 10 | L11: 10
A12: 501504003 | B12: 關山鎮 | C12: 米國學校 | D12: 20 | E12: 3 | F12: 3 | H12: 2 | I12: 2 | K12: 2 | L12: 2
A13: 501504004 | B13: 關山鎮 | C13: 關山工商 | D13: 30 | E13: 3 | F13: 4 | H13: 2 | I13: 4 | K13: 2 | L13: 5
... A23: 501505007 | B23: 池上鄉 | C23: 日暉國際渡假村 | D23: 30 | E23: 14 | F23: 8 | H23: 6 | I23: 4 | K23: 6 | L23: 4
A24: 501599003 | B24: 池上鄉 | C24: 池上維調 | G24: 10 | J24: 10 | M24: 10
D66: =SUM(D2:D65) -> 631 | E66: =SUM(E2:E65) -> 158 | F66: =SUM(F2:F65) -> 131 | G66: =SUM(G2:G65) -> 10 | H66: =SUM(H2:H65) -> 96 | I66: =SUM(I2:I65) -> 86 | J66: =SUM(J2:J65) -> 10 | K66: =SUM(K2:K65) -> 94 | ... M66: =SUM(M2:M65) -> 10
A69: D3 | B69: 行政區 | C69: 場站名稱 | D69: 合約柱數 | E69: 夜班配置(暑假) | G69: 2.0綁車 | H69: 早班配置(暑假) | J69: 2.0綁車 | K69: 晚班配置(暑假) | M69: 2.0綁車
A70: 501502005 | B70: 卑南鄉 | C70: 富山護漁區 | D70: 15 | E70: 3 | F70: 0 | H70: 3 | I70: 0 | K70: 3 | L70: 0
A71: 501506001 | B71: 成功鎮 | C71: 成功漁港 | D71: 15 | E71: 7 | F71: 0 | H71: 7 | I71: 0 | K71: 7 | L71: 0
A72: 501506002 | B72: 成功鎮 | C72: 成功鎮公所 | D72: 20 | E72: 4 | F72: 3 | H72: 4 | I72: 3 | K72: 4 | L72: 3
A73: 501506003 | B73: 成功鎮 | C73: 成功豆花 | D73: 20 | E73: 4 | F73: 3 | H73: 4 | I73: 3 | K73: 4 | L73: 3
A74: 501506005 | B74: 成功鎮 | C74: 東管處停車場 | D74: 24 | E74: 3 | F74: 0 | H74: 3 | I74: 0 | K74: 3 | L74: 0
A75: 501506006 | B75: 成功鎮 | C75: 三仙台 | D75: 30 | E75: 7 | F75: 0 | H75: 7 | I75: 0 | K75: 7 | L75: 0
A76: 501506007 | B76: 成功鎮 | C76: 成功海濱公園 | D76: 30 | E76: 4 | F76: 5 | H76: 4 | I76: 5 | K76: 4 | L76: 5
A77: 501509001 | B77: 東河鄉 | C77: 都蘭舊糖廠 | D77: 28 | E77: 4 | F77: 4 | H77: 4 | I77: 4 | K77: 4 | L77: 4
A78: 501509002 | B78: 東河鄉 | C78: 東河消防隊 | D78: 20 | E78: 3 | F78: 0 | H78: 3 | I78: 0 | K78: 3 | L78: 0
A79: 501506004 | B79: 成功鎮 | C79: 成功消防隊 | D79: 28 | E79: 4 | F79: 2 | H79: 4 | I79: 2 | K79: 4 | L79: 2
D80: =SUM(D70:D79) -> 230 | E80: =SUM(E70:E79) -> 43 | F80: =SUM(F70:F79) -> 17 | G80: =SUM(G70:G78) -> 0 | H80: =SUM(H70:H79) -> 43 | I80: =SUM(I70:I79) -> 17 | J80: =SUM(J70:J78) -> 0 | K80: =SUM(K70:K79) -> 43 | L80: =SUM(L70:L79) -> 17 | M80: =SUM(M70:M78) -> 0

Sheet 「D1平日」0423
A1: D1 | B1: 行政區 | C1: 場站名稱 | D1: 合約柱數 | E1: 夜班配置(平日) | G1: 2.0綁車 | H1: 早班配置(平日) | J1: 2.0綁車 | K1: 晚班配置(平日) | M1: 2.0綁車
A2: 501501001 | B2: 台東市 | C2: 臺東縣政府文化處圖書館 | D2: 55 | E2: 15 | F2: 8 | H2: 2 | I2: 8 | K2: 2 | L2: 8
A3: 501501002 | B3: 台東市 | C3: 臺東轉運站 | D3: 60 | E3: 10 | F3: 15 | H3: 5 | I3: 10 | K3: 5 | L3: 10
A4: 501501003 | B4: 台東市 | C4: 臺東市公所 | D4: 20 | E4: 5 | F4: 5 | H4: 2 | I4: 5 | K4: 2 | L4: 5
A5: 501501004 | B5: 台東市 | C5: 臺東縣政府 | D5: 25 | E5: 5 | F5: 7 | H5: 2 | I5: 7 | K5: 2 | L5: 7
A6: 501501006 | B6: 台東市 | C6: 微光市集 | D6: 30 | E6: 7 | F6: 8 | H6: 3 | I6: 5 | K6: 3 | L6: 5
A7: 501501008 | B7: 台東市 | C7: 臺東縣立體育場 | D7: 20 | E7: 4 | F7: 4 | H7: 2 | I7: 3 | K7: 2 | L7: 3
A8: 501501009 | B8: 台東市 | C8: 東海國宅 | D8: 17 | E8: 5 | F8: 5 | H8: 3 | I8: 3 | K8: 2 | L8: 3
A9: 501501010 | B9: 台東市 | C9: 東海運動公園 | D9: 15 | E9: 4 | F9: 4 | H9: 2 | I9: 4 | K9: 2 | L9: 3
A10: 501501011 | B10: 台東市 | C10: 臺東火車站 | D10: 50 | E10: 5 | F10: 20 | H10: 5 | I10: 20 | K10: 5 | L10: 20
A11: 501501012 | B11: 台東市 | C11: 臺東棒球村第一棒球場 | D11: 20 | E11: 4 | F11: 4 | H11: 2 | I11: 4 | K11: 2 | L11: 4
A12: 501501013 | B12: 台東市 | C12: 寶桑國中活動中心 | D12: 15 | E12: 3 | F12: 3 | H12: 5 | I12: 5 | J12: 10 | K12: 5 | L12: 5 | M12: 10
A13: 501501014 | B13: 台東市 | C13: 生日蛋糕公園 | D13: 18 | E13: 4 | F13: 4 | H13: 3 | I13: 2 | K13: 3 | L13: 2
A14: 501501015 | B14: 台東市 | C14: 國立臺東女子高級中學 | D14: 39 | E14: 10 | F14: 5 | G14: 10 | H14: 5 | I14: 20 | J14: 30 | K14: 5 | L14: 20 | M14: 30
A15: 501501016 | B15: 台東市 | C15: 仁義北路與豐里橋交叉口 | D15: 20 | E15: 2 | F15: 5 | H15: 2 | I15: 5 | K15: 3 | L15: 3
A16: 501501017 | B16: 台東市 | C16: 臺東公園 | D16: 20 | E16: 3 | F16: 0 | H16: 3 | I16: 0 | K16: 3 | L16: 0
A17: 501501018 | B17: 台東市 | C17: 兒福聯盟臺東工作站 | D17: 27 | E17: 5 | F17: 7 | H17: 2 | I17: 7 | K17: 2 | L17: 7
A18: 501501019 | B18: 台東市 | C18: 國立臺東高級商業職業學校 | D18: 15 | E18: 4 | F18: 4 | H18: 4 | I18: 4 | J18: 5 | K18: 4 | L18: 4 | M18: 5
A19: 501501021 | B19: 台東市 | C19: 寶桑國小 | D19: 15 | E19: 3 | F19: 3 | H19: 3 | I19: 5 | K19: 3 | L19: 5
A20: 501501022 | B20: 台東市 | C20: 臺東縣環境保護局 | D20: 15 | E20: 4 | F20: 4 | H20: 2 | I20: 4 | K20: 2 | L20: 4
A21: 501501023 | B21: 台東市 | C21: 臺東市漢中街公園 | D21: 12 | E21: 3 | F21: 3 | H21: 2 | I21: 3 | K21: 2 | L21: 3
A22: 501501024 | B22: 台東市 | C22: 臺東聖母醫院 | D22: 18 | E22: 3 | F22: 3 | H22: 2 | I22: 3 | K22: 2 | L22: 3
A23: 501501025 | B23: 台東市 | C23: 柳州街停車場 | D23: 20 | E23: 2 | F23: 12 | H23: 2 | I23: 4 | K23: 2 | L23: 4
A24: 501501026 | B24: 台東市 | C24: 仁義北路河堤涼亭 | D24: 20 | E24: 4 | F24: 4 | H24: 2 | I24: 4 | K24: 2 | L24: 4
A25: 501501027 | B25: 台東市 | C25: 國立臺東高級中學學生宿舍 | D25: 20 | E25: 5 | F25: 5 | H25: 3 | I25: 5 | K25: 6 | L25: 5
A26: 501501029 | B26: 台東市 | C26: 桂林南路238巷與中華路一段719巷口 | D26: 18 | E26: 2 | F26: 4 | H26: 4 | I26: 6 | J26: 15 | K26: 4 | L26: 6 | M26: 15
A27: 501501030 | B27: 台東市 | C27: 臺東縣私立公東高級工業職業學校 | D27: 20 | E27: 4 | F27: 4 | H27: 4 | I27: 4 | K27: 4 | L27: 4
A28: 501501031 | B28: 台東市 | C28: 四維夜市 | D28: 17 | E28: 4 | F28: 4 | H28: 3 | I28: 3 | K28: 3 | L28: 3
A29: 501501032 | B29: 台東市 | C29: 四維路三段與傳廣路交叉口 | D29: 16 | E29: 4 | F29: 4 | H29: 2 | I29: 3 | K29: 2 | L29: 3
A30: 501501033 | B30: 台東市 | C30: 四維路三段與泰安街(西側) | D30: 20 | E30: 2 | F30: 3 | H30: 2 | I30: 3 | K30: 2 | L30: 3
A31: 501501034 | B31: 台東市 | C31: 開封街鐵馬道 | D31: 18 | E31: 3 | F31: 3 | H31: 6 | I31: 6 | K31: 5 | L31: 5
A32: 501501035 | B32: 台東市 | C32: 四維路三段與長安街交叉口 | D32: 13 | E32: 3 | F32: 3 | H32: 4 | I32: 4 | J32: 5 | K32: 4 | L32: 4 | M32: 5
A33: 501501036 | B33: 台東市 | C33: 臺東縣立新生國民中學 | D33: 23 | E33: 4 | F33: 4 | H33: 8 | I33: 7 | J33: 10 | K33: 8 | L33: 7 | M33: 10
A34: 501501037 | B34: 台東市 | C34: 臺東縣臺東市康樂國小 | D34: 20 | E34: 2 | F34: 4 | H34: 2 | I34: 4 | K34: 2 | L34: 4
A35: 501501038 | B35: 台東市 | C35: 臺東專科學校宿舍 | D35: 15 | E35: 2 | F35: 8 | G35: 8 | H35: 2 | I35: 8 | J35: 8 | K35: 2 | L35: 8 | M35: 8
A36: 501501039 | B36: 台東市 | C36: 臺東專科學校 | D36: 30 | E36: 2 | F36: 2 | H36: 1 | I36: 20 | J36: 10+10 | K36: 1 | L36: 20 | M36: 10+10
A37: 501501040 | B37: 台東市 | C37: 正氣公園 | D37: 16 | E37: 2 | F37: 3 | H37: 2 | I37: 3 | K37: 3 | L37: 3
A38: 501501041 | B38: 台東市 | C38: 長沙街溜冰場 | D38: 28 | E38: 7 | F38: 8 | H38: 4 | I38: 4 | K38: 4 | L38: 4
A39: 501501042 | B39: 台東市 | C39: 臺東航空站 | D39: 20 | E39: 5 | F39: 0 | H39: 5 | I39: 0 | K39: 5 | L39: 0
A40: 501501043 | B40: 台東市 | C40: 娜路彎大酒店 | D40: 30 | E40: 4 | F40: 7 | H40: 4 | I40: 5 | K40: 4 | L40: 5
A41: 501501044 | B41: 台東市 | C41: 臺東大學附屬特殊教育學校 | D41: 20 | E41: 3 | F41: 4 | H41: 2 | I41: 3 | K41: 2 | L41: 3
A42: 501501045 | B42: 台東市 | C42: 康樂火車站 | D42: 24 | E42: 3 | F42: 0 | H42: 3 | I42: 0 | K42: 3 | L42: 0
A43: 501501046 | B43: 台東市 | C43: 國立臺灣史前文化博物館 | D43: 30 | E43: 2 | F43: 5 | H43: 1 | I43: 5 | K43: 1 | L43: 5
A44: 501501047 | B44: 台東市 | C44: 臺東大學附屬體育高級中學 | D44: 20 | E44: 2 | F44: 12 | H44: 6 | I44: 7 | K44: 6 | L44: 7
A45: 501501048 | B45: 台東市 | C45: 臺東表演藝術創生基地 | D45: 20 | E45: 4 | F45: 5 | H45: 2 | I45: 4 | K45: 2 | L45: 4
A46: 501501049 | B46: 台東市 | C46: 臺東市新生國民小學 | D46: 16 | E46: 2 | F46: 3 | H46: 2 | I46: 3 | K46: 2 | L46: 3
A47: 501501050 | B47: 台東市 | C47: 北町日式宿舍 | D47: 16 | E47: 3 | F47: 3 | H47: 5 | I47: 5 | J47: 5 | K47: 5 | L47: 5 | M47: 5
A48: 501501051 | B48: 台東市 | C48: 國立臺東大學知本校區正門 | D48: 30 | E48: 4 | F48: 4 | H48: 4 | I48: 4 | K48: 4 | L48: 4
A49: 501501052 | B49: 台東市 | C49: 卑南遺址公園 | D49: 31 | E49: 2 | F49: 2 | H49: 2 | I49: 2 | K49: 2 | L49: 2
A50: 501501053 | B50: 台東市 | C50: 新興路與北安路52巷口 | D50: 20 | E50: 5 | F50: 5 | H50: 2 | I50: 4 | K50: 2 | L50: 4
A51: 501501054 | B51: 台東市 | C51: 知本火車站 | D51: 30 | E51: 5 | F51: 8 | H51: 2 | I51: 8 | K51: 2 | L51: 8
A52: 501501055 | B52: 台東市 | C52: 臺東市仁愛國民小學 | D52: 25 | E52: 5 | F52: 5 | H52: 2 | I52: 4 | K52: 2 | L52: 4
A53: 501501056 | B53: 台東市 | C53: 南一街與南一街113巷口 | D53: 20 | E53: 3 | F53: 4 | H53: 2 | I53: 4 | K53: 2 | L53: 3
A54: 501501057 | B54: 台東市 | C54: 馬蘭部落更生聚會所 | D54: 18 | E54: 3 | F54: 0 | H54: 3 | I54: 0 | K54: 3 | L54: 0
A55: 501501058 | B55: 台東市 | C55: 統冠聯合超市(臺東店) | D55: 15 | E55: 3 | F55: 3 | H55: 3 | I55: 3 | K55: 2 | L55: 3
A56: 501501059 | B56: 台東市 | C56: 寶桑里活動中心 | D56: 34 | E56: 8 | F56: 10 | H56: 6 | I56: 8 | K56: 5 | L56: 5
A57: 501501060 | B57: 台東市 | C57: 臺東市豐田國民小學 | D57: 20 | E57: 2 | F57: 1 | H57: 2 | I57: 1 | K57: 2 | L57: 1
A58: 501501061 | B58: 台東市 | C58: 自強公園 | D58: 20 | E58: 2 | F58: 3 | H58: 2 | I58: 3 | K58: 2 | L58: 3
A59: 501501062 | B59: 台東市 | C59: 臺東市東海國民小學 | D59: 18 | E59: 2 | F59: 3 | H59: 2 | I59: 3 | K59: 2 | L59: 3
A60: 501501063 | B60: 台東市 | C60: 榮民總醫院更生院區 | D60: 20 | E60: 4 | F60: 5 | H60: 4 | I60: 5 | K60: 4 | L60: 5
A61: 501501064 | B61: 台東市 | C61: 東方大鎮鐵馬道 | D61: 19 | E61: 1 | F61: 15 | G61: 10+10 | H61: 3 | I61: 3 | K61: 3 | L61: 3
A62: 501501065 | B62: 台東市 | C62: 更生北路384巷與永安街口 | D62: 25 | E62: 4 | F62: 3 | H62: 4 | I62: 3 | K62: 2 | L62: 3
A63: 501501066 | B63: 台東市 | C63: 東立羽球館 | D63: 21 | E63: 3 | F63: 4 | H63: 2 | I63: 3 | K63: 2 | L63: 2
A64: 501501069 | B64: 台東市 | C64: 立麗大酒店 | D64: 15 | E64: 3 | F64: 0 | H64: 3 | I64: 0 | K64: 3 | L64: 0
A65: 501501070 | B65: 台東市 | C65: 大橋部落聚會所 | D65: 16 | E65: 2 | F65: 3 | H65: 2 | I65: 2 | K65: 2 | L65: 2
A66: 501501071 | B66: 台東市 | C66: 興安路二段與樂利路口 | D66: 20 | E66: 3 | F66: 4 | H66: 2 | I66: 4 | K66: 2 | L66: 4
A67: 501501072 | B67: 台東市 | C67: 知本代天府 | D67: 20 | E67: 3 | F67: 0 | H67: 3 | I67: 0 | K67: 3 | L67: 0
A68: 501501074 | B68: 台東市 | C68: 富岡地質公園 | D68: 30 | E68: 4 | F68: 0 | H68: 4 | I68: 0 | K68: 4 | L68: 0
A69: 501501076 | B69: 台東市 | C69: 育仁中學 | D69: 31 | E69: 4 | F69: 4 | H69: 4 | I69: 4 | K69: 4 | L69: 4
A70: 501501077 | B70: 台東市 | C70: 馬蘭橋 | D70: 20 | E70: 3 | F70: 0 | H70: 3 | I70: 0 | K70: 3 | L70: 0
A71: 501501078 | B71: 台東市 | C71: 秀泰影城 | D71: 24 | E71: 4 | F71: 8 | H71: 2 | I71: 8 | K71: 2 | L71: 8
A72: 501501079 | B72: 台東市 | C72: 臺東社區大學 | D72: 25 | E72: 3 | F72: 3 | H72: 8 | I72: 8 | J72: 5 | K72: 8 | L72: 8 | M72: 5
A73: 501501080 | B73: 台東市 | C73: 臺東縣長期照顧中心 | D73: 25 | E73: 4 | F73: 4 | H73: 2 | I73: 4 | K73: 2 | L73: 4
A74: 501501081 | B74: 台東市 | C74: 仁和公園 | D74: 15 | E74: 2 | F74: 3 | H74: 2 | I74: 3 | K74: 2 | L74: 3
A75: 501501083 | B75: 台東市 | C75: 法鼓山信行寺 | D75: 19 | E75: 2 | F75: 3 | H75: 2 | I75: 3 | K75: 2 | L75: 3
A76: 501501084 | B76: 台東市 | C76: 臺東縣立壘球場 | D76: 24 | E76: 2 | F76: 3 | H76: 2 | I76: 3 | K76: 2 | L76: 3
A77: 501501085 | B77: 台東市 | C77: 富岡公有停車場 | D77: 20 | E77: 3 | F77: 0 | H77: 3 | I77: 0 | K77: 3 | L77: 0
A78: 501501086 | B78: 台東市 | C78: 大同路與精誠路口 | D78: 18 | E78: 4 | F78: 5 | H78: 3 | I78: 4 | K78: 3 | L78: 4
A79: 501501087 | B79: 台東市 | C79: 福建路與大同路口 | D79: 17 | E79: 4 | F79: 4 | H79: 4 | I79: 3 | K79: 5 | L79: 6
A80: 501501088 | B80: 台東市 | C80: 知本芙儷渡假酒店 | D80: 15 | E80: 3 | F80: 3 | H80: 3 | I80: 3 | K80: 3 | L80: 3
A81: 501501089 | B81: 台東市 | C81: 衡陽路151巷口 | D81: 19 | E81: 3 | F81: 5 | H81: 2 | I81: 3 | K81: 2 | L81: 3
A82: 501501090 | B82: 台東市 | C82: 原民創產園區 | D82: 19 | E82: 5 | F82: 5 | H82: 3 | I82: 3 | K82: 3 | L82: 3
A83: 501501091 | B83: 台東市 | C83: 復興路128號 | D83: 16 | E83: 3 | F83: 4 | H83: 3 | I83: 3 | K83: 3 | L83: 3
A84: 501502001 | B84: 卑南鄉 | C84: 卑南遊客中心 | D84: 16 | E84: 3 | F84: 0 | H84: 3 | I84: 0 | K84: 3 | L84: 0
... A89: 501502008 | B89: 卑南鄉 | C89: 知本國家森林遊樂區 | D89: 24 | E89: 2 | F89: 4 | H89: 2 | I89: 4 | K89: 2 | L89: 4
D90: =SUM(D2:D89) -> 1939 | E90: =SUM(E2:E89) -> 326 | F90: =SUM(F2:F89) -> 391 | G90: 38 | H90: =SUM(H2:H89) -> 261 | I90: =SUM(I2:I89) -> 383 | J90: 113 | K90: =SUM(K2:K89) -> 261 | L90: =SUM(L2:L89) -> 377 | M90: 113

Sheet 「D1假日」0423
A1: D1 | B1: 行政區 | C1: 場站名稱 | D1: 合約柱數 | E1: 夜班配置(假日) | G1: 2.0綁車 | H1: 早班配置(假日) | J1: 2.0綁車 | K1: 晚班配置(假日) | M1: 2.0綁車
A2: 501501001 | B2: 台東市 | C2: 臺東縣政府文化處圖書館 | D2: 55 | E2: 10 | F2: 15 | H2: 8 | I2: 8 | K2: 5 | L2: 5
A3: 501501002 | B3: 台東市 | C3: 臺東轉運站 | D3: 60 | E3: 5 | F3: 20 | H3: 5 | I3: 15 | K3: 5 | L3: 10
A4: 501501003 | B4: 台東市 | C4: 臺東市公所 | D4: 20 | E4: 3 | F4: 7 | H4: 3 | I4: 6 | K4: 3 | L4: 6
A5: 501501004 | B5: 台東市 | C5: 臺東縣政府 | D5: 25 | E5: 5 | F5: 7 | H5: 5 | I5: 6 | K5: 5 | L5: 7
A6: 501501006 | B6: 台東市 | C6: 微光市集 | D6: 30 | E6: 3 | F6: 7 | H6: 3 | I6: 7 | K6: 3 | L6: 7
A7: 501501008 | B7: 台東市 | C7: 臺東縣立體育場 | D7: 20 | E7: 3 | F7: 3 | H7: 3 | I7: 3 | K7: 3 | L7: 3
A8: 501501009 | B8: 台東市 | C8: 東海國宅 | D8: 17 | E8: 3 | F8: 4 | H8: 4 | I8: 4 | K8: 3 | L8: 3
A9: 501501010 | B9: 台東市 | C9: 東海運動公園 | D9: 15 | E9: 2 | F9: 3 | H9: 4 | I9: 3 | K9: 3 | L9: 3
A10: 501501011 | B10: 台東市 | C10: 臺東火車站 | D10: 50 | E10: 10 | F10: 20 | H10: 5 | I10: 20 | K10: 5 | L10: 15
A11: 501501012 | B11: 台東市 | C11: 臺東棒球村第一棒球場 | D11: 20 | E11: 4 | F11: 4 | H11: 5 | I11: 4 | K11: 4 | L11: 3
A12: 501501013 | B12: 台東市 | C12: 寶桑國中活動中心 | D12: 15 | E12: 3 | F12: 2 | H12: 4 | I12: 3 | K12: 6 | L12: 3
A13: 501501014 | B13: 台東市 | C13: 生日蛋糕公園 | D13: 18 | E13: 3 | F13: 3 | H13: 4 | I13: 2 | K13: 4 | L13: 2
... A43: 501501046 | B43: 台東市 | C43: 國立臺灣史前文化博物館 | D43: 30 | E43: 5 | F43: 4 | H43: 4 | I43: 5 | K43: 3 | L43: 3
A44: 501501047 | B44: 台東市 | C44: 臺東大學附屬體育高級中學 | D44: 20 | E44: 2 | F44: 12 | G44: 15 | H44: 2 | I44: 12 | J44: 12 | K44: 2 | L44: 12 | M44: 12
A45: 501501048 | B45: 台東市 | C45: 臺東表演藝術創生基地 | D45: 20 | E45: 5 | F45: 3 | H45: 5 | I45: 3 | K45: 3 | L45: 3
A46: 501501049 | B46: 台東市 | C46: 臺東市新生國民小學 | D46: 16 | E46: 3 | F46: 2 | H46: 3 | I46: 2 | K46: 3 | L46: 2
A47: 501501050 | B47: 台東市 | C47: 北町日式宿舍 | D47: 16 | E47: 3 | F47: 3 | H47: 3 | I47: 3 | K47: 3 | L47: 3
A48: 501501051 | B48: 台東市 | C48: 國立臺東大學知本校區正門 | D48: 30 | E48: 5 | F48: 5 | H48: 5 | I48: 4 | K48: 3 | L48: 3
A49: 501501052 | B49: 台東市 | C49: 卑南遺址公園 | D49: 31 | E49: 3 | F49: 3 | H49: 3 | I49: 3 | K49: 3 | L49: 3
A50: 501501053 | B50: 台東市 | C50: 新興路與北安路52巷口 | D50: 20 | E50: 5 | F50: 5 | H50: 4 | I50: 4 | K50: 4 | L50: 4
A51: 501501054 | B51: 台東市 | C51: 知本火車站 | D51: 30 | E51: 4 | F51: 9 | H51: 4 | I51: 8 | K51: 4 | L51: 8
A52: 501501055 | B52: 台東市 | C52: 臺東市仁愛國民小學 | D52: 25 | E52: 5 | F52: 5 | H52: 4 | I52: 6 | K52: 4 | L52: 6
A53: 501501056 | B53: 台東市 | C53: 南一街與南一街113巷口 | D53: 20 | E53: 3 | F53: 3 | H53: 3 | I53: 3 | K53: 3 | L53: 3
A54: 501501057 | B54: 台東市 | C54: 馬蘭部落更生聚會所 | D54: 18 | E54: 3 | F54: 0 | H54: 3 | I54: 0 | K54: 3 | L54: 0
A55: 501501058 | B55: 台東市 | C55: 統冠聯合超市(臺東店) | D55: 15 | E55: 3 | F55: 2 | H55: 3 | I55: 2 | K55: 3 | L55: 2
A56: 501501059 | B56: 台東市 | C56: 寶桑里活動中心 | D56: 34 | E56: 8 | F56: 12 | H56: 8 | I56: 12 | K56: 6 | L56: 6
... A89: 501502008 | B89: 卑南鄉 | C89: 知本國家森林遊樂區 | D89: 24 | E89: 4 | F89: 4 | H89: 4 | I89: 4 | K89: 4 | L89: 4
D90: =SUM(D2:D89) -> 1939 | E90: =SUM(E2:E89) -> 314 | F90: =SUM(F2:F89) -> 397 | G90: =SUM(G2:G89) -> 15 | H90: =SUM(H2:H89) -> 304 | I90: =SUM(I2:I89) -> 372 | J90: =SUM(J2:J89) -> 12 | K90: =SUM(K2:K89) -> 290 | ... M90: =SUM(M2:M89) -> 12

Sheet 「D2 D3平日」0307
A1: D2 | B1: 行政區 | C1: 場站名稱 | D1: 合約柱數 | E1: 夜班配置(平日) | G1: 2.0綁車 | H1: 早班配置(平日) | J1: 2.0綁車 | K1: 晚班配置(平日) | M1: 2.0綁車
A2: 501502003 | B2: 卑南鄉 | C2: 卑南鄉老人文康中心 | D2: 15 | E2: 3 | F2: 0 | H2: 3 | I2: 0 | K2: 3 | L2: 0
A3: 501503001 | B3: 鹿野鄉 | C3: 瑞源車站 | D3: 20 | E3: 3 | F3: 0 | H3: 3 | I3: 0 | K3: 3 | L3: 0
A4: 501503002 | B4: 鹿野鄉 | C4: 永安農產品銷售中心 | D4: 23 | E4: 3 | F4: 0 | H4: 3 | I4: 0 | K4: 3 | L4: 0
A5: 501503003 | B5: 鹿野鄉 | C5: 龍田大草坪 | D5: 30 | E5: 4 | F5: 0 | H5: 4 | I5: 0 | K5: 4 | L5: 0
A6: 501503004 | B6: 鹿野鄉 | C6: 鹿野車站 | D6: 49 | E6: 2 | F6: 8 | H6: 2 | I6: 6 | K6: 2 | L6: 6
A7: 501503005 | B7: 鹿野鄉 | C7: 福鹿山休閒農莊 | D7: 22 | E7: 3 | F7: 3 | H7: 3 | I7: 3 | K7: 3 | L7: 3
A8: 501503006 | B8: 鹿野鄉 | C8: 鹿野地區農會 | D8: 24 | E8: 3 | F8: 0 | H8: 3 | I8: 0 | K8: 3 | L8: 0
A9: 501503007 | B9: 鹿野鄉 | C9: 龍田老人會館 | D9: 20 | E9: 5 | F9: 0 | H9: 4 | I9: 0 | K9: 4 | L9: 0
A10: 501503008 | B10: 鹿野鄉 | C10: 永安環教中心 | D10: 20 | E10: 3 | F10: 0 | H10: 3 | I10: 0 | K10: 3 | L10: 0
A11: 501504001 | B11: 關山鎮 | C11: 關山車站 | D11: 60 | E11: 4 | F11: 15 | H11: 4 | I11: 10 | K11: 4 | L11: 10
A12: 501504003 | B12: 關山鎮 | C12: 米國學校 | D12: 20 | E12: 2 | F12: 3 | H12: 2 | I12: 2 | K12: 2 | L12: 2
A13: 501504004 | B13: 關山鎮 | C13: 關山工商 | D13: 30 | E13: 2 | F13: 3 | H13: 2 | I13: 4 | K13: 2 | L13: 5
... A23: 501505007 | B23: 池上鄉 | C23: 日暉國際渡假村 | D23: 30 | E23: 14 | F23: 7 | H23: 6 | I23: 4 | K23: 6 | L23: 4
D65: =SUM(D2:D64) -> 631 | E65: =SUM(E2:E64) -> 156 | F65: =SUM(F2:F64) -> 103 | G65: =SUM(G2:G64) -> 0 | H65: =SUM(H2:H64) -> 96 | I65: =SUM(I2:I64) -> 65 | J65: =SUM(J2:J64) -> 0 | K65: =SUM(K2:K64) -> 94 | ... M65: =SUM(M2:M64) -> 0
A68: D3 | B68: 行政區 | C68: 場站名稱 | D68: 合約柱數 | E68: 夜班配置(平日) | G68: 2.0綁車 | H68: 早班配置(平日) | J68: 2.0綁車 | K68: 晚班配置(平日) | M68: 2.0綁車
A69: 501502005 | B69: 卑南鄉 | C69: 富山護漁區 | D69: 15 | E69: 3 | F69: 0 | H69: 3 | I69: 0 | K69: 3 | L69: 0
A70: 501506001 | B70: 成功鎮 | C70: 成功漁港 | D70: 15 | E70: 7 | F70: 0 | H70: 7 | I70: 0 | K70: 7 | L70: 0
A71: 501506002 | B71: 成功鎮 | C71: 成功鎮公所 | D71: 20 | E71: 4 | F71: 3 | H71: 4 | I71: 3 | K71: 4 | L71: 3
A72: 501506003 | B72: 成功鎮 | C72: 成功豆花 | D72: 20 | E72: 4 | F72: 3 | H72: 4 | I72: 3 | K72: 4 | L72: 3
A73: 501506005 | B73: 成功鎮 | C73: 東管處停車場 | D73: 24 | E73: 3 | F73: 0 | H73: 3 | I73: 0 | K73: 3 | L73: 0
A74: 501506006 | B74: 成功鎮 | C74: 三仙台 | D74: 30 | E74: 7 | F74: 0 | H74: 7 | I74: 0 | K74: 7 | L74: 0
A75: 501506007 | B75: 成功鎮 | C75: 成功海濱公園 | D75: 30 | E75: 4 | F75: 5 | H75: 4 | I75: 5 | K75: 4 | L75: 5
A76: 501509001 | B76: 東河鄉 | C76: 都蘭舊糖廠 | D76: 28 | E76: 4 | F76: 4 | H76: 4 | I76: 4 | K76: 4 | L76: 4
A77: 501509002 | B77: 東河鄉 | C77: 東河消防隊 | D77: 20 | E77: 3 | F77: 0 | H77: 3 | I77: 0 | K77: 3 | L77: 0
A78: 501506004 | B78: 成功鎮 | C78: 成功消防隊 | D78: 28 | E78: 4 | F78: 2 | H78: 4 | I78: 2 | K78: 4 | L78: 2
D79: =SUM(D69:D77) -> 202 | E79: =SUM(E69:E78) -> 43 | F79: =SUM(F69:F78) -> 17 | G79: =SUM(G69:G77) -> 0 | H79: =SUM(H69:H78) -> 43 | I79: =SUM(I69:I78) -> 17 | J79: =SUM(J69:J77) -> 0 | K79: =SUM(K69:K78) -> 43 | L79: =SUM(L69:L78) -> 17 | M79: =SUM(M69:M77) -> 0

Sheet 「D1平日」0307
A1: 仁義北路與豐里橋交叉口 | B1: 行政區 | C1: 場站名稱 | D1: 合約柱數 | E1: 夜班配置(平日) | G1: 2.0綁車 | H1: 早班配置(平日) | J1: 2.0綁車 | K1: 晚班配置(平日) | M1: 2.0綁車
A2: 501501001 | B2: 台東市 | C2: 臺東縣政府文化處圖書館 | D2: 55 | E2: 25 | F2: 8 | H2: 2 | I2: 8 | K2: 2 | L2: 8
A3: 501501002 | B3: 台東市 | C3: 臺東轉運站 | D3: 60 | E3: 10 | F3: 15 | H3: 5 | I3: 10 | K3: 5 | L3: 10
A4: 501501003 | B4: 台東市 | C4: 臺東市公所 | D4: 20 | E4: 5 | F4: 5 | H4: 2 | I4: 5 | K4: 2 | L4: 5
A5: 501501004 | B5: 台東市 | C5: 臺東縣政府 | D5: 25 | E5: 5 | F5: 7 | H5: 2 | I5: 7 | K5: 2 | L5: 7
A6: 501501006 | B6: 台東市 | C6: 微光市集 | D6: 30 | E6: 7 | F6: 8 | H6: 3 | I6: 5 | K6: 3 | L6: 5
A7: 501501008 | B7: 台東市 | C7: 臺東縣立體育場 | D7: 20 | E7: 4 | F7: 4 | H7: 2 | I7: 3 | K7: 2 | L7: 3
A8: 501501009 | B8: 台東市 | C8: 東海國宅 | D8: 17 | E8: 5 | F8: 5 | H8: 3 | I8: 3 | K8: 2 | L8: 3
A9: 501501010 | B9: 台東市 | C9: 東海運動公園 | D9: 15 | E9: 4 | F9: 4 | H9: 2 | I9: 4 | K9: 2 | L9: 3
A10: 501501011 | B10: 台東市 | C10: 臺東火車站 | D10: 50 | E10: 5 | F10: 20 | H10: 5 | I10: 20 | K10: 5 | L10: 15
A11: 501501012 | B11: 台東市 | C11: 臺東棒球村第一棒球場 | D11: 20 | E11: 4 | F11: 4 | H11: 2 | I11: 4 | K11: 2 | L11: 4
A12: 501501013 | B12: 台東市 | C12: 寶桑國中活動中心 | D12: 15 | E12: 3 | F12: 3 | H12: 5 | I12: 5 | J12: 10 | K12: 5 | L12: 5 | M12: 10
A13: 501501014 | B13: 台東市 | C13: 生日蛋糕公園 | D13: 18 | E13: 4 | F13: 4 | H13: 3 | I13: 2 | K13: 3 | L13: 2
A14: 501501015 | B14: 台東市 | C14: 國立臺東女子高級中學 | D14: 39 | E14: 10 | F14: 5 | G14: 10 | H14: 10 | I14: 20 | J14: 30 | K14: 10 | L14: 20 | M14: 30
A15: 501501016 | B15: 台東市 | C15: 仁義北路與豐里橋交叉口 | D15: 20 | E15: 2 | F15: 5 | H15: 2 | I15: 5 | K15: 3 | L15: 3
A16: 501501017 | B16: 台東市 | C16: 臺東公園 | D16: 20 | E16: 3 | F16: 0 | H16: 3 | I16: 0 | K16: 3 | L16: 0
A17: 501501018 | B17: 台東市 | C17: 兒福聯盟臺東工作站 | D17: 27 | E17: 5 | F17: 7 | H17: 2 | I17: 7 | K17: 2 | L17: 7
A18: 501501019 | B18: 台東市 | C18: 國立臺東高級商業職業學校 | D18: 15 | E18: 4 | F18: 4 | H18: 3 | I18: 4 | J18: 10 | K18: 3 | L18: 4 | M18: 10
A19: 501501021 | B19: 台東市 | C19: 寶桑國小 | D19: 15 | E19: 3 | F19: 3 | H19: 3 | I19: 5 | K19: 3 | L19: 5
A20: 501501022 | B20: 台東市 | C20: 臺東縣環境保護局 | D20: 15 | E20: 4 | F20: 4 | H20: 2 | I20: 4 | K20: 2 | L20: 4
A21: 501501023 | B21: 台東市 | C21: 臺東市漢中街公園 | D21: 12 | E21: 3 | F21: 3 | H21: 2 | I21: 3 | K21: 2 | L21: 3
A22: 501501024 | B22: 台東市 | C22: 臺東聖母醫院 | D22: 18 | E22: 3 | F22: 3 | H22: 2 | I22: 3 | K22: 2 | L22: 3
A23: 501501025 | B23: 台東市 | C23: 柳州街停車場 | D23: 20 | E23: 2 | F23: 12 | H23: 2 | I23: 4 | K23: 2 | L23: 4
A24: 501501026 | B24: 台東市 | C24: 仁義北路河堤涼亭 | D24: 20 | E24: 4 | F24: 4 | H24: 2 | I24: 4 | K24: 2 | L24: 4
A25: 501501027 | B25: 台東市 | C25: 國立臺東高級中學學生宿舍 | D25: 20 | E25: 5 | F25: 5 | H25: 3 | I25: 5 | K25: 6 | L25: 5
A26: 501501029 | B26: 台東市 | C26: 桂林南路238巷與中華路一段719巷口 | D26: 18 | E26: 2 | F26: 4 | H26: 4 | I26: 4 | J26: 15 | K26: 4 | L26: 4 | M26: 15
A27: 501501030 | B27: 台東市 | C27: 臺東縣私立公東高級工業職業學校 | D27: 20 | E27: 4 | F27: 4 | H27: 4 | I27: 4 | K27: 4 | L27: 4
A28: 501501031 | B28: 台東市 | C28: 四維夜市 | D28: 17 | E28: 4 | F28: 4 | H28: 3 | I28: 3 | K28: 3 | L28: 3
A29: 501501032 | B29: 台東市 | C29: 四維路三段與傳廣路交叉口 | D29: 16 | E29: 4 | F29: 4 | H29: 2 | I29: 3 | K29: 2 | L29: 3
A30: 501501033 | B30: 台東市 | C30: 四維路三段與泰安街(西側) | D30: 20 | E30: 2 | F30: 3 | H30: 2 | I30: 3 | K30: 2 | L30: 3
A31: 501501034 | B31: 台東市 | C31: 開封街鐵馬道 | D31: 12 | E31: 3 | F31: 3 | H31: 3 | I31: 4 | K31: 3 | L31: 4
A32: 501501035 | B32: 台東市 | C32: 四維路三段與長安街交叉口 | D32: 13 | E32: 3 | F32: 3 | H32: 4 | I32: 3 | J32: 10 | K32: 4 | L32: 3 | M32: 10
A33: 501501036 | B33: 台東市 | C33: 臺東縣立新生國民中學 | D33: 23 | E33: 4 | F33: 4 | H33: 8 | I33: 7 | J33: 10 | K33: 8 | L33: 7 | M33: 10
A34: 501501037 | B34: 台東市 | C34: 臺東縣臺東市康樂國小 | D34: 20 | E34: 2 | F34: 4 | H34: 2 | I34: 4 | K34: 2 | L34: 4
A35: 501501038 | B35: 台東市 | C35: 臺東專科學校宿舍 | D35: 15 | E35: 2 | F35: 8 | G35: 8 | H35: 2 | I35: 8 | J35: 8 | K35: 2 | L35: 8 | M35: 8
A36: 501501039 | B36: 台東市 | C36: 臺東專科學校 | D36: 30 | E36: 2 | F36: 2 | H36: 1 | I36: 20 | J36: 10+10 | K36: 1 | L36: 20 | M36: 10+10
A37: 501501040 | B37: 台東市 | C37: 正氣公園 | D37: 16 | E37: 2 | F37: 3 | H37: 2 | I37: 3 | K37: 3 | L37: 3
A38: 501501041 | B38: 台東市 | C38: 長沙街溜冰場 | D38: 28 | E38: 7 | F38: 8 | H38: 5 | I38: 6 | K38: 4 | L38: 4
A39: 501501042 | B39: 台東市 | C39: 臺東航空站 | D39: 20 | E39: 5 | F39: 0 | H39: 5 | I39: 0 | K39: 5 | L39: 0
A40: 501501043 | B40: 台東市 | C40: 娜路彎大酒店 | D40: 30 | E40: 4 | F40: 7 | H40: 4 | I40: 5 | K40: 4 | L40: 5
A41: 501501044 | B41: 台東市 | C41: 臺東大學附屬特殊教育學校 | D41: 20 | E41: 3 | F41: 4 | H41: 2 | I41: 3 | K41: 2 | L41: 3
A42: 501501045 | B42: 台東市 | C42: 康樂火車站 | D42: 24 | E42: 3 | F42: 0 | H42: 3 | I42: 0 | K42: 3 | L42: 0
A43: 501501046 | B43: 台東市 | C43: 國立臺灣史前文化博物館 | D43: 30 | E43: 2 | F43: 5 | H43: 1 | I43: 5 | K43: 1 | L43: 5
A44: 501501047 | B44: 台東市 | C44: 臺東大學附屬體育高級中學 | D44: 20 | E44: 2 | F44: 12 | H44: 6 | I44: 7 | K44: 6 | L44: 7
A45: 501501048 | B45: 台東市 | C45: 臺東表演藝術創生基地 | D45: 20 | E45: 4 | F45: 5 | H45: 2 | I45: 4 | K45: 2 | L45: 4
A46: 501501049 | B46: 台東市 | C46: 臺東市新生國民小學 | D46: 16 | E46: 2 | F46: 3 | H46: 2 | I46: 3 | K46: 2 | L46: 3
A47: 501501050 | B47: 台東市 | C47: 北町日式宿舍 | D47: 16 | E47: 3 | F47: 3 | H47: 5 | I47: 5 | J47: 5 | K47: 5 | L47: 5 | M47: 5
A48: 501501051 | B48: 台東市 | C48: 國立臺東大學知本校區正門 | D48: 30 | E48: 5 | F48: 6 | H48: 5 | I48: 6 | K48: 5 | L48: 6
A49: 501501052 | B49: 台東市 | C49: 卑南遺址公園 | D49: 31 | E49: 2 | F49: 2 | H49: 2 | I49: 2 | K49: 2 | L49: 2
A50: 501501053 | B50: 台東市 | C50: 新興路與北安路52巷口 | D50: 20 | E50: 5 | F50: 5 | H50: 2 | I50: 4 | K50: 2 | L50: 4
A51: 501501054 | B51: 台東市 | C51: 知本火車站 | D51: 30 | E51: 5 | F51: 8 | H51: 2 | I51: 8 | K51: 2 | L51: 8
A52: 501501055 | B52: 台東市 | C52: 臺東市仁愛國民小學 | D52: 25 | E52: 5 | F52: 5 | H52: 2 | I52: 4 | K52: 2 | L52: 4
A53: 501501056 | B53: 台東市 | C53: 南一街與南一街113巷口 | D53: 20 | E53: 3 | F53: 4 | H53: 2 | I53: 4 | K53: 2 | L53: 3
A54: 501501057 | B54: 台東市 | C54: 馬蘭部落更生聚會所 | D54: 18 | E54: 3 | F54: 0 | H54: 3 | I54: 0 | K54: 3 | L54: 0
A55: 501501058 | B55: 台東市 | C55: 統冠聯合超市(臺東店) | D55: 15 | E55: 2 | F55: 3 | H55: 2 | I55: 3 | K55: 2 | L55: 3
A56: 501501059 | B56: 台東市 | C56: 寶桑里活動中心 | D56: 22 | E56: 4 | F56: 5 | H56: 4 | I56: 3 | K56: 4 | L56: 3
A57: 501501060 | B57: 台東市 | C57: 臺東市豐田國民小學 | D57: 20 | E57: 2 | F57: 1 | H57: 2 | I57: 1 | K57: 2 | L57: 1
A58: 501501061 | B58: 台東市 | C58: 自強公園 | D58: 20 | E58: 2 | F58: 3 | H58: 2 | I58: 3 | K58: 2 | L58: 3
A59: 501501062 | B59: 台東市 | C59: 臺東市東海國民小學 | D59: 18 | E59: 2 | F59: 3 | H59: 2 | I59: 3 | K59: 2 | L59: 3
A60: 501501063 | B60: 台東市 | C60: 榮民總醫院更生院區 | D60: 20 | E60: 4 | F60: 5 | H60: 4 | I60: 5 | K60: 4 | L60: 5
A61: 501501064 | B61: 台東市 | C61: 東方大鎮鐵馬道 | D61: 19 | E61: 1 | F61: 15 | G61: 10+10 | H61: 3 | I61: 3 | K61: 3 | L61: 3
A62: 501501065 | B62: 台東市 | C62: 更生北路384巷與永安街口 | D62: 25 | E62: 3 | F62: 7 | H62: 2 | I62: 7 | K62: 2 | L62: 3
A63: 501501066 | B63: 台東市 | C63: 東立羽球館 | D63: 21 | E63: 3 | F63: 4 | H63: 2 | I63: 3 | K63: 2 | L63: 2
A64: 501501069 | B64: 台東市 | C64: 立麗大酒店 | D64: 15 | E64: 3 | F64: 0 | H64: 3 | I64: 0 | K64: 3 | L64: 0
A65: 501501070 | B65: 台東市 | C65: 大橋部落聚會所 | D65: 16 | E65: 2 | F65: 3 | H65: 2 | I65: 2 | K65: 2 | L65: 2
A66: 501501071 | B66: 台東市 | C66: 興安路二段與樂利路口 | D66: 20 | E66: 3 | F66: 4 | H66: 2 | I66: 4 | K66: 2 | L66: 4
A67: 501501072 | B67: 台東市 | C67: 知本代天府 | D67: 20 | E67: 3 | F67: 0 | H67: 3 | I67: 0 | K67: 3 | L67: 0
A68: 501501074 | B68: 台東市 | C68: 富岡地質公園 | D68: 30 | E68: 4 | F68: 0 | H68: 4 | I68: 0 | K68: 4 | L68: 0
A69: 501501076 | B69: 台東市 | C69: 育仁中學 | D69: 31 | E69: 4 | F69: 4 | H69: 4 | I69: 4 | K69: 4 | L69: 4
A70: 501501077 | B70: 台東市 | C70: 馬蘭橋 | D70: 20 | E70: 3 | F70: 0 | H70: 3 | I70: 0 | K70: 3 | L70: 0
A71: 501501078 | B71: 台東市 | C71: 秀泰影城 | D71: 24 | E71: 4 | F71: 8 | H71: 2 | I71: 8 | K71: 2 | L71: 8
A72: 501501079 | B72: 台東市 | C72: 臺東社區大學 | D72: 25 | E72: 3 | F72: 3 | H72: 7 | I72: 7 | J72: 10 | K72: 7 | L72: 7 | M72: 10
A73: 501501080 | B73: 台東市 | C73: 臺東縣長期照顧中心 | D73: 25 | E73: 4 | F73: 4 | H73: 2 | I73: 4 | K73: 2 | L73: 4
A74: 501501081 | B74: 台東市 | C74: 仁和公園 | D74: 15 | E74: 2 | F74: 3 | H74: 2 | I74: 3 | K74: 2 | L74: 3
A75: 501501083 | B75: 台東市 | C75: 法鼓山信行寺 | D75: 19 | E75: 2 | F75: 3 | H75: 2 | I75: 3 | K75: 2 | L75: 3
A76: 501501084 | B76: 台東市 | C76: 臺東縣立壘球場 | D76: 24 | E76: 2 | F76: 3 | H76: 2 | I76: 3 | K76: 2 | L76: 3
A77: 501501085 | B77: 台東市 | C77: 富岡公有停車場 | D77: 20 | E77: 3 | F77: 0 | H77: 3 | I77: 0 | K77: 3 | L77: 0
A78: 501501086 | B78: 台東市 | C78: 大同路與精誠路口 | D78: 18 | E78: 4 | F78: 5 | H78: 3 | I78: 4 | K78: 3 | L78: 4
A79: 501501087 | B79: 台東市 | C79: 福建路與大同路口 | D79: 17 | E79: 4 | F79: 4 | H79: 4 | I79: 3 | K79: 5 | L79: 6
A80: 501501088 | B80: 台東市 | C80: 知本芙儷渡假酒店 | D80: 15 | E80: 3 | F80: 3 | H80: 3 | I80: 3 | K80: 3 | L80: 3
A81: 501501089 | B81: 台東市 | C81: 衡陽路151巷口 | D81: 19 | E81: 3 | F81: 5 | H81: 3 | I81: 5 | K81: 2 | L81: 3
A82: 501501090 | B82: 台東市 | C82: 原民創產園區 | D82: 19 | E82: 5 | F82: 5 | H82: 3 | I82: 3 | K82: 3 | L82: 3
A83: 501501091 | B83: 台東市 | C83: 復興路128號 | D83: 16 | E83: 3 | F83: 4 | H83: 3 | I83: 3 | K83: 3 | L83: 3
A84: 501502001 | B84: 卑南鄉 | C84: 卑南遊客中心 | D84: 16 | E84: 3 | F84: 0 | H84: 3 | I84: 0 | K84: 3 | L84: 0
... A89: 501502008 | B89: 卑南鄉 | C89: 知本國家森林遊樂區 | D89: 24 | E89: 2 | F89: 4 | H89: 2 | I89: 4 | K89: 2 | L89: 4
D90: =SUM(D2:D89) -> 1921 | E90: =SUM(E2:E89) -> 331 | F90: =SUM(F2:F89) -> 392 | G90: =SUM(G2:G89) -> 18 | H90: =SUM(H2:H89) -> 259 | I90: =SUM(I2:I89) -> 382 | J90: =SUM(J2:J89) -> 108 | K90: =SUM(K2:K89) -> 262 | ... M90: =SUM(M2:M89) -> 108

Sheet 「D1假日」修訂版0217
A1: D1 | B1: 行政區 | C1: 場站名稱 | D1: 合約柱數 | E1: 夜班配置(假日) | G1: 2.0綁車 | H1: 早班配置(假日) | J1: 2.0綁車 | K1: 晚班配置(假日) | M1: 2.0綁車
A2: 501501001 | B2: 台東市 | C2: 臺東縣政府文化處圖書館 | D2: 55 | E2: 5 | F2: 20 | H2: 5 | I2: 20 | K2: 5 | L2: 20
A3: 501501002 | B3: 台東市 | C3: 臺東轉運站 | D3: 60 | E3: 5 | F3: 20 | H3: 5 | I3: 20 | K3: 5 | L3: 20
A4: 501501003 | B4: 台東市 | C4: 臺東市公所 | D4: 20 | E4: 3 | F4: 7 | H4: 3 | I4: 7 | K4: 3 | L4: 6
A5: 501501004 | B5: 台東市 | C5: 臺東縣政府 | D5: 25 | E5: 5 | F5: 7 | H5: 5 | I5: 7 | K5: 5 | L5: 7
A6: 501501006 | B6: 台東市 | C6: 微光市集 | D6: 30 | E6: 3 | F6: 7 | H6: 3 | I6: 7 | K6: 3 | L6: 7
A7: 501501008 | B7: 台東市 | C7: 臺東縣立體育場 | D7: 20 | E7: 3 | F7: 3 | H7: 3 | I7: 3 | K7: 3 | L7: 3
A8: 501501009 | B8: 台東市 | C8: 東海國宅 | D8: 17 | E8: 5 | F8: 5 | H8: 5 | I8: 4 | K8: 5 | L8: 4
A9: 501501010 | B9: 台東市 | C9: 東海運動公園 | D9: 15 | E9: 4 | F9: 4 | H9: 4 | I9: 3 | K9: 3 | L9: 3
A10: 501501011 | B10: 台東市 | C10: 臺東火車站 | D10: 50 | E10: 10 | F10: 25 | H10: 10 | I10: 25 | K10: 10 | L10: 20
A11: 501501012 | B11: 台東市 | C11: 臺東棒球村第一棒球場 | D11: 20 | E11: 4 | F11: 4 | H11: 5 | I11: 4 | K11: 5 | L11: 4
A12: 501501013 | B12: 台東市 | C12: 寶桑國中活動中心 | D12: 15 | E12: 4 | F12: 3 | H12: 4 | I12: 3 | K12: 5 | L12: 4
A13: 501501014 | B13: 台東市 | C13: 生日蛋糕公園 | D13: 18 | E13: 4 | F13: 2 | H13: 3 | I13: 2 | K13: 4 | L13: 2
... A43: 501501046 | B43: 台東市 | C43: 國立臺灣史前文化博物館 | D43: 30 | E43: 5 | F43: 5 | H43: 4 | I43: 5 | K43: 4 | L43: 5
A44: 501501047 | B44: 台東市 | C44: 臺東大學附屬體育高級中學 | D44: 20 | E44: 2 | F44: 13 | G44: 15 | H44: 2 | I44: 13 | J44: 15 | K44: 2 | L44: 13 | M44: 15
A45: 501501048 | B45: 台東市 | C45: 臺東表演藝術創生基地 | D45: 20 | E45: 5 | F45: 5 | H45: 5 | I45: 4 | K45: 3 | L45: 3
A46: 501501049 | B46: 台東市 | C46: 臺東市新生國民小學 | D46: 16 | E46: 3 | F46: 3 | H46: 3 | I46: 3 | K46: 3 | L46: 3
A47: 501501050 | B47: 台東市 | C47: 北町日式宿舍 | D47: 16 | E47: 3 | F47: 3 | H47: 3 | I47: 3 | K47: 4 | L47: 4
A48: 501501051 | B48: 台東市 | C48: 國立臺東大學知本校區正門 | D48: 30 | E48: 5 | F48: 5 | H48: 5 | I48: 4 | K48: 5 | L48: 5
A49: 501501052 | B49: 台東市 | C49: 卑南遺址公園 | D49: 31 | E49: 3 | F49: 3 | H49: 3 | I49: 3 | K49: 3 | L49: 3
A50: 501501053 | B50: 台東市 | C50: 新興路與北安路52巷口 | D50: 20 | E50: 6 | F50: 6 | H50: 4 | I50: 4 | K50: 4 | L50: 4
A51: 501501054 | B51: 台東市 | C51: 知本火車站 | D51: 30 | E51: 4 | F51: 9 | H51: 4 | I51: 8 | K51: 4 | L51: 8
A52: 501501055 | B52: 台東市 | C52: 臺東市仁愛國民小學 | D52: 25 | E52: 5 | F52: 7 | H52: 4 | I52: 7 | K52: 4 | L52: 7
A53: 501501056 | B53: 台東市 | C53: 南一街與南一街113巷口 | D53: 20 | E53: 4 | F53: 3 | H53: 4 | I53: 3 | K53: 4 | L53: 3
A54: 501501057 | B54: 台東市 | C54: 馬蘭部落更生聚會所 | D54: 18 | E54: 6 | F54: 0 | H54: 6 | I54: 0 | K54: 6 | L54: 0
A55: 501501058 | B55: 台東市 | C55: 統冠聯合超市(臺東店) | D55: 15 | E55: 3 | F55: 2 | H55: 3 | I55: 2 | K55: 3 | L55: 2
A56: 501501059 | B56: 台東市 | C56: 寶桑里活動中心 | D56: 22 | E56: 5 | F56: 4 | H56: 5 | I56: 4 | K56: 5 | L56: 4
... A81: 501501089 | B81: 台東市 | C81: 衡陽路151巷口 | D81: 19 | E81: 4 | F81: 4 | H81: 4 | I81: 4 | K81: 4 | L81: 4
A82: 501501090 | B82: 台東市 | C82: 原民創產園區 | D82: 19
A83: 501501091 | B83: 台東市 | C83: 復興路128號 | D83: 16 | E83: 3 | F83: 4 | H83: 3 | I83: 3 | K83: 3 | L83: 3
A84: 501502001 | B84: 卑南鄉 | C84: 卑南遊客中心 | D84: 16 | E84: 4 | F84: 2 | H84: 4 | I84: 2 | K84: 4 | L84: 2
A85: 501502002 | B85: 卑南鄉 | C85: 臺東戶政事務所卑南辦公室 | D85: 17 | E85: 5 | F85: 0 | H85: 5 | I85: 0 | K85: 5 | L85: 0
A86: 501502004 | B86: 卑南鄉 | C86: 7-11東遊季門市 | D86: 20 | E86: 5 | F86: 6 | H86: 5 | I86: 6 | K86: 5 | L86: 6
A87: 501502006 | B87: 卑南鄉 | C87: 知本第一公有停車場 | D87: 28 | E87: 3 | F87: 5 | H87: 3 | I87: 5 | K87: 3 | L87: 5
A88: 501502007 | B88: 卑南鄉 | C88: 東台溫泉飯店 | D88: 24 | E88: 6 | F88: 5 | H88: 6 | I88: 5 | K88: 6 | L88: 5
A89: 501502008 | B89: 卑南鄉 | C89: 知本國家森林遊樂區 | D89: 24 | E89: 4 | F89: 4 | H89: 4 | I89: 4 | K89: 4 | L89: 4
D90: =SUM(D2:D89) -> 1921 | E90: =SUM(E2:E89) -> 335 | F90: =SUM(F2:F89) -> 444 | G90: =SUM(G2:G89) -> 15 | H90: =SUM(H2:H89) -> 328 | I90: =SUM(I2:I89) -> 426 | J90: =SUM(J2:J89) -> 15 | K90: =SUM(K2:K89) -> 333 | ... M90: =SUM(M2:M89) -> 15

Sheet 「D1假日」0307
A1: D1 | B1: 行政區 | C1: 場站名稱 | D1: 合約柱數 | E1: 夜班配置(假日) | G1: 2.0綁車 | H1: 早班配置(假日) | J1: 2.0綁車 | K1: 晚班配置(假日) | M1: 2.0綁車
A2: 501501001 | B2: 台東市 | C2: 臺東縣政府文化處圖書館 | D2: 55 | E2: 10 | F2: 15 | H2: 8 | I2: 8 | K2: 5 | L2: 5
A3: 501501002 | B3: 台東市 | C3: 臺東轉運站 | D3: 60 | E3: 5 | F3: 20 | H3: 5 | I3: 15 | K3: 5 | L3: 10
A4: 501501003 | B4: 台東市 | C4: 臺東市公所 | D4: 20 | E4: 3 | F4: 7 | H4: 3 | I4: 6 | K4: 3 | L4: 6
A5: 501501004 | B5: 台東市 | C5: 臺東縣政府 | D5: 25 | E5: 5 | F5: 7 | H5: 5 | I5: 6 | K5: 5 | L5: 7
A6: 501501006 | B6: 台東市 | C6: 微光市集 | D6: 30 | E6: 3 | F6: 7 | H6: 3 | I6: 7 | K6: 3 | L6: 7
A7: 501501008 | B7: 台東市 | C7: 臺東縣立體育場 | D7: 20 | E7: 3 | F7: 3 | H7: 3 | I7: 3 | K7: 3 | L7: 3
A8: 501501009 | B8: 台東市 | C8: 東海國宅 | D8: 17 | E8: 3 | F8: 4 | H8: 4 | I8: 4 | K8: 3 | L8: 3
A9: 501501010 | B9: 台東市 | C9: 東海運動公園 | D9: 15 | E9: 2 | F9: 3 | H9: 4 | I9: 3 | K9: 3 | L9: 3
A10: 501501011 | B10: 台東市 | C10: 臺東火車站 | D10: 50 | E10: 10 | F10: 20 | H10: 5 | I10: 20 | K10: 5 | L10: 15
A11: 501501012 | B11: 台東市 | C11: 臺東棒球村第一棒球場 | D11: 20 | E11: 4 | F11: 4 | H11: 5 | I11: 4 | K11: 4 | L11: 3
A12: 501501013 | B12: 台東市 | C12: 寶桑國中活動中心 | D12: 15 | E12: 3 | F12: 2 | H12: 4 | I12: 3 | K12: 6 | L12: 3
A13: 501501014 | B13: 台東市 | C13: 生日蛋糕公園 | D13: 18 | E13: 3 | F13: 3 | H13: 4 | I13: 2 | K13: 4 | L13: 2
... A43: 501501046 | B43: 台東市 | C43: 國立臺灣史前文化博物館 | D43: 30 | E43: 5 | F43: 4 | H43: 4 | I43: 5 | K43: 3 | L43: 3
A44: 501501047 | B44: 台東市 | C44: 臺東大學附屬體育高級中學 | D44: 20 | E44: 2 | F44: 12 | G44: 15 | H44: 2 | I44: 12 | J44: 12 | K44: 2 | L44: 12 | M44: 12
A45: 501501048 | B45: 台東市 | C45: 臺東表演藝術創生基地 | D45: 20 | E45: 5 | F45: 3 | H45: 5 | I45: 3 | K45: 3 | L45: 3
A46: 501501049 | B46: 台東市 | C46: 臺東市新生國民小學 | D46: 16 | E46: 3 | F46: 2 | H46: 3 | I46: 2 | K46: 3 | L46: 2
A47: 501501050 | B47: 台東市 | C47: 北町日式宿舍 | D47: 16 | E47: 3 | F47: 3 | H47: 3 | I47: 3 | K47: 3 | L47: 3
A48: 501501051 | B48: 台東市 | C48: 國立臺東大學知本校區正門 | D48: 30 | E48: 5 | F48: 5 | H48: 5 | I48: 4 | K48: 3 | L48: 3
A49: 501501052 | B49: 台東市 | C49: 卑南遺址公園 | D49: 31 | E49: 3 | F49: 3 | H49: 3 | I49: 3 | K49: 3 | L49: 3
A50: 501501053 | B50: 台東市 | C50: 新興路與北安路52巷口 | D50: 20 | E50: 5 | F50: 5 | H50: 4 | I50: 4 | K50: 4 | L50: 4
A51: 501501054 | B51: 台東市 | C51: 知本火車站 | D51: 30 | E51: 4 | F51: 9 | H51: 4 | I51: 8 | K51: 4 | L51: 8
A52: 501501055 | B52: 台東市 | C52: 臺東市仁愛國民小學 | D52: 25 | E52: 5 | F52: 5 | H52: 4 | I52: 6 | K52: 4 | L52: 6
A53: 501501056 | B53: 台東市 | C53: 南一街與南一街113巷口 | D53: 20 | E53: 3 | F53: 3 | H53: 3 | I53: 3 | K53: 3 | L53: 3
A54: 501501057 | B54: 台東市 | C54: 馬蘭部落更生聚會所 | D54: 18 | E54: 3 | F54: 0 | H54: 3 | I54: 0 | K54: 3 | L54: 0
A55: 501501058 | B55: 台東市 | C55: 統冠聯合超市(臺東店) | D55: 15 | E55: 3 | F55: 2 | H55: 3 | I55: 2 | K55: 3 | L55: 2
A56: 501501059 | B56: 台東市 | C56: 寶桑里活動中心 | D56: 22 | E56: 5 | F56: 4 | H56: 5 | I56: 4 | K56: 4 | L56: 4
... A89: 501502008 | B89: 卑南鄉 | C89: 知本國家森林遊樂區 | D89: 24 | E89: 4 | F89: 4 | H89: 4 | I89: 4 | K89: 4 | L89: 4
D90: =SUM(D2:D89) -> 1921 | E90: =SUM(E2:E89) -> 309 | F90: =SUM(F2:F89) -> 391 | G90: =SUM(G2:G89) -> 15 | H90: =SUM(H2:H89) -> 298 | I90: =SUM(I2:I89) -> 364 | J90: =SUM(J2:J89) -> 12 | K90: =SUM(K2:K89) -> 287 | ... M90: =SUM(M2:M89) -> 12

Sheet 「D2 D3平日」修訂版217
A1: D2 | B1: 行政區 | C1: 場站名稱 | D1: 合約柱數 | E1: 夜班配置(平日) | G1: 2.0綁車 | H1: 早班配置(平日) | J1: 2.0綁車 | K1: 晚班配置(平日) | M1: 2.0綁車
A2: 501502003 | B2: 卑南鄉 | C2: 卑南鄉老人文康中心 | D2: 15 | E2: 4 | F2: 0 | H2: 4 | I2: 0 | K2: 4 | L2: 0
A3: 501503001 | B3: 鹿野鄉 | C3: 瑞源車站 | D3: 20 | E3: 5 | F3: 0 | H3: 5 | I3: 0 | K3: 5 | L3: 0
A4: 501503002 | B4: 鹿野鄉 | C4: 永安農產品銷售中心 | D4: 23 | E4: 4 | F4: 0 | H4: 4 | I4: 0 | K4: 4 | L4: 0
A5: 501503003 | B5: 鹿野鄉 | C5: 龍田大草坪 | D5: 30 | E5: 4 | F5: 4 | H5: 4 | I5: 4 | K5: 4 | L5: 4
A6: 501503004 | B6: 鹿野鄉 | C6: 鹿野車站 | D6: 49 | E6: 2 | F6: 8 | H6: 2 | I6: 8 | K6: 2 | L6: 8
A7: 501503005 | B7: 鹿野鄉 | C7: 福鹿山休閒農莊 | D7: 22 | E7: 4 | F7: 5 | H7: 4 | I7: 5 | K7: 4 | L7: 5
A8: 501503006 | B8: 鹿野鄉 | C8: 鹿野地區農會 | D8: 24 | E8: 4 | F8: 0 | H8: 4 | I8: 0 | K8: 4 | L8: 0
A9: 501503007 | B9: 鹿野鄉 | C9: 龍田老人會館 | D9: 20 | E9: 1 | F9: 4 | H9: 1 | I9: 4 | K9: 1 | L9: 4
A10: 501503008 | B10: 鹿野鄉 | C10: 永安環教中心 | D10: 20 | E10: 4 | F10: 0 | H10: 4 | I10: 0 | K10: 4 | L10: 0
A11: 501504001 | B11: 關山鎮 | C11: 關山車站 | D11: 60 | E11: 4 | F11: 22 | H11: 4 | I11: 22 | K11: 4 | L11: 22
A12: 501504003 | B12: 關山鎮 | C12: 米國學校 | D12: 20 | E12: 2 | F12: 6 | H12: 2 | I12: 6 | K12: 2 | L12: 6
A13: 501504004 | B13: 關山鎮 | C13: 關山工商 | D13: 30 | E13: 4 | F13: 6 | H13: 4 | I13: 10 | K13: 4 | L13: 10
... A23: 501505007 | B23: 池上鄉 | C23: 日暉國際渡假村 | D23: 30 | E23: 7 | F23: 5 | H23: 7 | I23: 5 | K23: 7 | L23: 5
D65: =SUM(D2:D64) -> 631 | E65: =SUM(E2:E64) -> 106 | F65: =SUM(F2:F64) -> 97 | G65: =SUM(G2:G64) -> 0 | H65: =SUM(H2:H64) -> 106 | I65: =SUM(I2:I64) -> 107 | J65: =SUM(J2:J64) -> 0 | K65: =SUM(K2:K64) -> 104 | ... M65: =SUM(M2:M64) -> 0
A68: D3 | B68: 行政區 | C68: 場站名稱 | D68: 合約柱數 | E68: 夜班配置(平日) | G68: 2.0綁車 | H68: 早班配置(平日) | J68: 2.0綁車 | K68: 晚班配置(平日) | M68: 2.0綁車
A69: 501502005 | B69: 卑南鄉 | C69: 富山護漁區 | D69: 15 | E69: 4 | F69: 0 | H69: 4 | I69: 0 | K69: 4 | L69: 0
A70: 501506001 | B70: 成功鎮 | C70: 成功漁港 | D70: 15 | E70: 7 | F70: 0 | H70: 7 | I70: 0 | K70: 7 | L70: 0
A71: 501506002 | B71: 成功鎮 | C71: 成功鎮公所 | D71: 20 | E71: 4 | F71: 3 | H71: 4 | I71: 3 | K71: 4 | L71: 3
A72: 501506003 | B72: 成功鎮 | C72: 成功豆花 | D72: 20 | E72: 4 | F72: 3 | H72: 4 | I72: 3 | K72: 4 | L72: 3
A73: 501506005 | B73: 成功鎮 | C73: 東管處停車場 | D73: 24 | E73: 5 | F73: 0 | H73: 5 | I73: 0 | K73: 5 | L73: 0
A74: 501506006 | B74: 成功鎮 | C74: 三仙台 | D74: 30 | E74: 7 | F74: 0 | H74: 7 | I74: 0 | K74: 7 | L74: 0
A75: 501506007 | B75: 成功鎮 | C75: 成功海濱公園 | D75: 30 | E75: 4 | F75: 5 | H75: 4 | I75: 5 | K75: 4 | L75: 5
A76: 501509001 | B76: 東河鄉 | C76: 都蘭舊糖廠 | D76: 28 | E76: 4 | F76: 4 | H76: 4 | I76: 4 | K76: 4 | L76: 4
A77: 501509002 | B77: 東河鄉 | C77: 東河消防隊 | D77: 20 | E77: 4 | F77: 0 | H77: 4 | I77: 0 | K77: 4 | L77: 0
A78: 501506004 | B78: 成功鎮 | C78: 成功消防隊 | D78: 28 | E78: 4 | F78: 2 | H78: 4 | I78: 2 | K78: 4 | L78: 2
D79: =SUM(D69:D77) -> 202 | E79: =SUM(E69:E78) -> 47 | F79: =SUM(F69:F78) -> 17 | G79: =SUM(G69:G77) -> 0 | H79: =SUM(H69:H78) -> 47 | I79: =SUM(I69:I78) -> 17 | J79: =SUM(J69:J77) -> 0 | K79: =SUM(K69:K78) -> 47 | L79: =SUM(L69:L78) -> 17 | M79: =SUM(M69:M77) -> 0

Sheet 「D2 D3假日」修訂版217
A1: D2 | B1: 行政區 | C1: 場站名稱 | D1: 合約柱數 | E1: 夜班配置(假日) | G1: 2.0綁車 | H1: 早班配置(假日) | J1: 2.0綁車 | K1: 晚班配置(假日) | M1: 2.0綁車
A2: 501502003 | B2: 卑南鄉 | C2: 卑南鄉老人文康中心 | D2: 15 | E2: 4 | F2: 0 | H2: 4 | I2: 0 | K2: 4 | L2: 0
A3: 501503001 | B3: 鹿野鄉 | C3: 瑞源車站 | D3: 20 | E3: 5 | F3: 0 | H3: 4 | I3: 0 | K3: 4 | L3: 0
A4: 501503002 | B4: 鹿野鄉 | C4: 永安農產品銷售中心 | D4: 23 | E4: 4 | F4: 0 | H4: 4 | I4: 0 | K4: 4 | L4: 0
A5: 501503003 | B5: 鹿野鄉 | C5: 龍田大草坪 | D5: 30 | E5: 8 | F5: 0 | H5: 8 | I5: 0 | K5: 8 | L5: 0
A6: 501503004 | B6: 鹿野鄉 | C6: 鹿野車站 | D6: 49 | E6: 12 | F6: 8 | H6: 12 | I6: 8 | K6: 5 | L6: 8
A7: 501503005 | B7: 鹿野鄉 | C7: 福鹿山休閒農莊 | D7: 22 | E7: 4 | F7: 5 | H7: 4 | I7: 5 | K7: 4 | L7: 5
A8: 501503006 | B8: 鹿野鄉 | C8: 鹿野地區農會 | D8: 24 | E8: 2 | F8: 0 | H8: 2 | I8: 0 | K8: 2 | L8: 0
A9: 501503007 | B9: 鹿野鄉 | C9: 龍田老人會館 | D9: 20 | E9: 2 | F9: 5 | H9: 2 | I9: 5 | K9: 2 | L9: 5
A10: 501503008 | B10: 鹿野鄉 | C10: 永安環教中心 | D10: 20 | E10: 2 | F10: 0 | H10: 2 | I10: 0 | K10: 2 | L10: 0
A11: 501504001 | B11: 關山鎮 | C11: 關山車站 | D11: 60 | E11: 10 | F11: 21 | H11: 10 | I11: 21 | K11: 10 | L11: 15
A12: 501504003 | B12: 關山鎮 | C12: 米國學校 | D12: 20 | E12: 3 | F12: 2 | H12: 3 | I12: 2 | K12: 2 | L12: 2
A13: 501504004 | B13: 關山鎮 | C13: 關山工商 | D13: 30 | E13: 4 | F13: 2 | H13: 4 | I13: 2 | K13: 5 | L13: 2
... A23: 501505007 | B23: 池上鄉 | C23: 日暉國際渡假村 | D23: 30 | E23: 13 | F23: 4 | H23: 13 | I23: 4 | K23: 13 | L23: 4
D65: =SUM(D2:D64) -> 631 | E65: =SUM(E2:E64) -> 144 | F65: =SUM(F2:F64) -> 78 | G65: =SUM(G2:G64) -> 0 | H65: =SUM(H2:H64) -> 142 | I65: =SUM(I2:I64) -> 78 | J65: =SUM(J2:J64) -> 0 | K65: =SUM(K2:K64) -> 137 | ... M65: =SUM(M2:M64) -> 0
A68: D3 | B68: 行政區 | C68: 場站名稱 | D68: 合約柱數 | E68: 夜班配置(假日) | G68: 2.0綁車 | H68: 早班配置(假日) | J68: 2.0綁車 | K68: 晚班配置(假日) | M68: 2.0綁車
A69: 501502005 | B69: 卑南鄉 | C69: 富山護漁區 | D69: 15 | E69: 4 | F69: 0 | H69: 4 | I69: 0 | K69: 4 | L69: 0
A70: 501506001 | B70: 成功鎮 | C70: 成功漁港 | D70: 15 | E70: 8 | F70: 0 | H70: 8 | I70: 0 | K70: 8 | L70: 0
A71: 501506002 | B71: 成功鎮 | C71: 成功鎮公所 | D71: 20 | E71: 4 | F71: 3 | H71: 5 | I71: 3 | K71: 5 | L71: 3
A72: 501506003 | B72: 成功鎮 | C72: 成功豆花 | D72: 20 | E72: 4 | F72: 3 | H72: 5 | I72: 3 | K72: 5 | L72: 3
A73: 501506005 | B73: 成功鎮 | C73: 東管處停車場 | D73: 24 | E73: 6 | F73: 0 | H73: 6 | I73: 0 | K73: 6 | L73: 0
A74: 501506006 | B74: 成功鎮 | C74: 三仙台 | D74: 30 | E74: 10 | F74: 0 | H74: 10 | I74: 0 | K74: 10 | L74: 0
A75: 501506007 | B75: 成功鎮 | C75: 成功海濱公園 | D75: 30 | E75: 4 | F75: 5 | H75: 4 | I75: 5 | K75: 4 | L75: 5
A76: 501509001 | B76: 東河鄉 | C76: 都蘭舊糖廠 | D76: 28 | E76: 6 | F76: 4 | H76: 6 | I76: 4 | K76: 6 | L76: 4
A77: 501509002 | B77: 東河鄉 | C77: 東河消防隊 | D77: 20 | E77: 4 | F77: 0 | H77: 4 | I77: 0 | K77: 4 | L77: 0
A78: 501506004 | B78: 成功鎮 | C78: 成功消防隊 | D78: 28 | E78: 4 | F78: 2 | H78: 4 | I78: 2 | K78: 4 | L78: 2
D79: =SUM(D69:D78) -> 230 | E79: =SUM(E69:E78) -> 54 | F79: =SUM(F69:F78) -> 17 | G79: =SUM(G69:G77) -> 0 | H79: =SUM(H69:H78) -> 56 | I79: =SUM(I69:I78) -> 17 | J79: =SUM(J69:J77) -> 0 | K79: =SUM(K69:K78) -> 56 | L79: =SUM(L69:L78) -> 17 | M79: =SUM(M69:M77) -> 0

Sheet 「D2 D3平日」修訂版224
A1: D2 | B1: 行政區 | C1: 場站名稱 | D1: 合約柱數 | E1: 夜班配置(平日) | G1: 2.0綁車 | H1: 早班配置(平日) | J1: 2.0綁車 | K1: 晚班配置(平日) | M1: 2.0綁車
A2: 501502003 | B2: 卑南鄉 | C2: 卑南鄉老人文康中心 | D2: 15 | E2: 4 | F2: 0 | H2: 4 | I2: 0 | K2: 4 | L2: 0
A3: 501503001 | B3: 鹿野鄉 | C3: 瑞源車站 | D3: 20 | E3: 5 | F3: 0 | H3: 4 | I3: 0 | K3: 4 | L3: 0
A4: 501503002 | B4: 鹿野鄉 | C4: 永安農產品銷售中心 | D4: 23 | E4: 4 | F4: 0 | H4: 4 | I4: 0 | K4: 4 | L4: 0
A5: 501503003 | B5: 鹿野鄉 | C5: 龍田大草坪 | D5: 30 | E5: 5 | F5: 0 | H5: 4 | I5: 0 | K5: 4 | L5: 0
A6: 501503004 | B6: 鹿野鄉 | C6: 鹿野車站 | D6: 49 | E6: 2 | F6: 8 | H6: 2 | I6: 6 | K6: 2 | L6: 6
A7: 501503005 | B7: 鹿野鄉 | C7: 福鹿山休閒農莊 | D7: 22 | E7: 4 | F7: 5 | H7: 4 | I7: 3 | K7: 4 | L7: 3
A8: 501503006 | B8: 鹿野鄉 | C8: 鹿野地區農會 | D8: 24 | E8: 4 | F8: 0 | H8: 4 | I8: 0 | K8: 4 | L8: 0
A9: 501503007 | B9: 鹿野鄉 | C9: 龍田老人會館 | D9: 20 | E9: 5 | F9: 0 | H9: 4 | I9: 0 | K9: 4 | L9: 0
A10: 501503008 | B10: 鹿野鄉 | C10: 永安環教中心 | D10: 20 | E10: 4 | F10: 0 | H10: 4 | I10: 0 | K10: 4 | L10: 0
A11: 501504001 | B11: 關山鎮 | C11: 關山車站 | D11: 60 | E11: 4 | F11: 22 | H11: 4 | I11: 18 | K11: 4 | L11: 16
A12: 501504003 | B12: 關山鎮 | C12: 米國學校 | D12: 20 | E12: 2 | F12: 6 | H12: 2 | I12: 4 | K12: 2 | L12: 4
A13: 501504004 | B13: 關山鎮 | C13: 關山工商 | D13: 30 | E13: 2 | F13: 6 | H13: 2 | I13: 8 | K13: 2 | L13: 10
... A23: 501505007 | B23: 池上鄉 | C23: 日暉國際渡假村 | D23: 30 | E23: 6 | F23: 5 | H23: 6 | I23: 4 | K23: 6 | L23: 4
D65: =SUM(D2:D64) -> 631 | E65: =SUM(E2:E64) -> 121 | F65: =SUM(F2:F64) -> 92 | G65: =SUM(G2:G64) -> 0 | H65: =SUM(H2:H64) -> 109 | I65: =SUM(I2:I64) -> 75 | J65: =SUM(J2:J64) -> 0 | K65: =SUM(K2:K64) -> 106 | ... M65: =SUM(M2:M64) -> 0
A68: D3 | B68: 行政區 | C68: 場站名稱 | D68: 合約柱數 | E68: 夜班配置(平日) | G68: 2.0綁車 | H68: 早班配置(平日) | J68: 2.0綁車 | K68: 晚班配置(平日) | M68: 2.0綁車
A69: 501502005 | B69: 卑南鄉 | C69: 富山護漁區 | D69: 15 | E69: 4 | F69: 0 | H69: 4 | I69: 0 | K69: 4 | L69: 0
A70: 501506001 | B70: 成功鎮 | C70: 成功漁港 | D70: 15 | E70: 7 | F70: 0 | H70: 7 | I70: 0 | K70: 7 | L70: 0
A71: 501506002 | B71: 成功鎮 | C71: 成功鎮公所 | D71: 20 | E71: 4 | F71: 3 | H71: 4 | I71: 3 | K71: 4 | L71: 3
A72: 501506003 | B72: 成功鎮 | C72: 成功豆花 | D72: 20 | E72: 4 | F72: 3 | H72: 4 | I72: 3 | K72: 4 | L72: 3
A73: 501506005 | B73: 成功鎮 | C73: 東管處停車場 | D73: 24 | E73: 5 | F73: 0 | H73: 5 | I73: 0 | K73: 5 | L73: 0
A74: 501506006 | B74: 成功鎮 | C74: 三仙台 | D74: 30 | E74: 7 | F74: 0 | H74: 7 | I74: 0 | K74: 7 | L74: 0
A75: 501506007 | B75: 成功鎮 | C75: 成功海濱公園 | D75: 30 | E75: 4 | F75: 5 | H75: 4 | I75: 5 | K75: 4 | L75: 5
A76: 501509001 | B76: 東河鄉 | C76: 都蘭舊糖廠 | D76: 28 | E76: 4 | F76: 4 | H76: 4 | I76: 4 | K76: 4 | L76: 4
A77: 501509002 | B77: 東河鄉 | C77: 東河消防隊 | D77: 20 | E77: 4 | F77: 0 | H77: 4 | I77: 0 | K77: 4 | L77: 0
A78: 501506004 | B78: 成功鎮 | C78: 成功消防隊 | D78: 28 | E78: 4 | F78: 2 | H78: 4 | I78: 2 | K78: 4 | L78: 2
D79: =SUM(D69:D77) -> 202 | E79: =SUM(E69:E78) -> 47 | F79: =SUM(F69:F78) -> 17 | G79: =SUM(G69:G77) -> 0 | H79: =SUM(H69:H78) -> 47 | I79: =SUM(I69:I78) -> 17 | J79: =SUM(J69:J77) -> 0 | K79: =SUM(K69:K78) -> 47 | L79: =SUM(L69:L78) -> 17 | M79: =SUM(M69:M77) -> 0

Sheet 「D2 D3假日」修訂版224
A1: D2 | B1: 行政區 | C1: 場站名稱 | D1: 合約柱數 | E1: 夜班配置(假日) | G1: 2.0綁車 | H1: 早班配置(假日) | J1: 2.0綁車 | K1: 晚班配置(假日) | M1: 2.0綁車
A2: 501502003 | B2: 卑南鄉 | C2: 卑南鄉老人文康中心 | D2: 15 | E2: 4 | F2: 0 | H2: 4 | I2: 0 | K2: 4 | L2: 0
A3: 501503001 | B3: 鹿野鄉 | C3: 瑞源車站 | D3: 20 | E3: 5 | F3: 0 | H3: 4 | I3: 0 | K3: 4 | L3: 0
A4: 501503002 | B4: 鹿野鄉 | C4: 永安農產品銷售中心 | D4: 23 | E4: 4 | F4: 0 | H4: 4 | I4: 0 | K4: 4 | L4: 0
A5: 501503003 | B5: 鹿野鄉 | C5: 龍田大草坪 | D5: 30 | E5: 5 | F5: 0 | H5: 4 | I5: 0 | K5: 4 | L5: 0
A6: 501503004 | B6: 鹿野鄉 | C6: 鹿野車站 | D6: 49 | E6: 2 | F6: 8 | H6: 2 | I6: 6 | K6: 2 | L6: 6
A7: 501503005 | B7: 鹿野鄉 | C7: 福鹿山休閒農莊 | D7: 22 | E7: 4 | F7: 5 | H7: 4 | I7: 3 | K7: 4 | L7: 3
A8: 501503006 | B8: 鹿野鄉 | C8: 鹿野地區農會 | D8: 24 | E8: 4 | F8: 0 | H8: 4 | I8: 0 | K8: 4 | L8: 0
A9: 501503007 | B9: 鹿野鄉 | C9: 龍田老人會館 | D9: 20 | E9: 5 | F9: 0 | H9: 4 | I9: 0 | K9: 4 | L9: 0
A10: 501503008 | B10: 鹿野鄉 | C10: 永安環教中心 | D10: 20 | E10: 4 | F10: 0 | H10: 4 | I10: 0 | K10: 4 | L10: 0
A11: 501504001 | B11: 關山鎮 | C11: 關山車站 | D11: 60 | E11: 4 | F11: 17 | H11: 3 | I11: 11 | K11: 3 | L11: 12
A12: 501504003 | B12: 關山鎮 | C12: 米國學校 | D12: 20 | E12: 2 | F12: 6 | H12: 2 | I12: 5 | K12: 2 | L12: 4
A13: 501504004 | B13: 關山鎮 | C13: 關山工商 | D13: 30 | E13: 2 | F13: 6 | H13: 2 | I13: 3 | K13: 2 | L13: 4
... A23: 501505007 | B23: 池上鄉 | C23: 日暉國際渡假村 | D23: 30 | E23: 6 | F23: 5 | H23: 4 | I23: 4 | K23: 4 | L23: 4
D65: =SUM(D2:D64) -> 631 | E65: =SUM(E2:E64) -> 121 | F65: =SUM(F2:F64) -> 92 | G65: =SUM(G2:G64) -> 0 | H65: =SUM(H2:H64) -> 96 | I65: =SUM(I2:I64) -> 63 | J65: =SUM(J2:J64) -> 0 | K65: =SUM(K2:K64) -> 95 | ... M65: =SUM(M2:M64) -> 0
A68: D3 | B68: 行政區 | C68: 場站名稱 | D68: 合約柱數 | E68: 夜班配置(假日) | G68: 2.0綁車 | H68: 早班配置(假日) | J68: 2.0綁車 | K68: 晚班配置(假日) | M68: 2.0綁車
A69: 501502005 | B69: 卑南鄉 | C69: 富山護漁區 | D69: 15 | E69: 4 | F69: 0 | H69: 4 | I69: 0 | K69: 4 | L69: 0
A70: 501506001 | B70: 成功鎮 | C70: 成功漁港 | D70: 15 | E70: 8 | F70: 0 | H70: 8 | I70: 0 | K70: 8 | L70: 0
A71: 501506002 | B71: 成功鎮 | C71: 成功鎮公所 | D71: 20 | E71: 4 | F71: 3 | H71: 5 | I71: 3 | K71: 5 | L71: 3
A72: 501506003 | B72: 成功鎮 | C72: 成功豆花 | D72: 20 | E72: 4 | F72: 3 | H72: 5 | I72: 3 | K72: 5 | L72: 3
A73: 501506005 | B73: 成功鎮 | C73: 東管處停車場 | D73: 24 | E73: 6 | F73: 0 | H73: 6 | I73: 0 | K73: 6 | L73: 0
A74: 501506006 | B74: 成功鎮 | C74: 三仙台 | D74: 30 | E74: 10 | F74: 0 | H74: 10 | I74: 0 | K74: 10 | L74: 0
A75: 501506007 | B75: 成功鎮 | C75: 成功海濱公園 | D75: 30 | E75: 4 | F75: 5 | H75: 4 | I75: 5 | K75: 4 | L75: 5
A76: 501509001 | B76: 東河鄉 | C76: 都蘭舊糖廠 | D76: 28 | E76: 6 | F76: 4 | H76: 6 | I76: 4 | K76: 6 | L76: 4
A77: 501509002 | B77: 東河鄉 | C77: 東河消防隊 | D77: 20 | E77: 4 | F77: 0 | H77: 4 | I77: 0 | K77: 4 | L77: 0
A78: 501506004 | B78: 成功鎮 | C78: 成功消防隊 | D78: 28 | E78: 4 | F78: 2 | H78: 4 | I78: 2 | K78: 4 | L78: 2
D79: =SUM(D69:D78) -> 230 | E79: =SUM(E69:E78) -> 54 | F79: =SUM(F69:F78) -> 17 | G79: =SUM(G69:G77) -> 0 | H79: =SUM(H69:H78) -> 56 | I79: =SUM(I69:I78) -> 17 | J79: =SUM(J69:J77) -> 0 | K79: =SUM(K69:K78) -> 56 | L79: =SUM(L69:L78) -> 17 | M79: =SUM(M69:M77) -> 0

Sheet 「D2 D3假日」修訂版0307
A1: D2 | B1: 行政區 | C1: 場站名稱 | D1: 合約柱數 | E1: 夜班配置(假日) | G1: 2.0綁車 | H1: 早班配置(假日) | J1: 2.0綁車 | K1: 晚班配置(假日) | M1: 2.0綁車
A2: 501502003 | B2: 卑南鄉 | C2: 卑南鄉老人文康中心 | D2: 15 | E2: 3 | F2: 0 | H2: 3 | I2: 0 | K2: 3 | L2: 0
A3: 501503001 | B3: 鹿野鄉 | C3: 瑞源車站 | D3: 20 | E3: 4 | F3: 0 | H3: 4 | I3: 0 | K3: 4 | L3: 0
A4: 501503002 | B4: 鹿野鄉 | C4: 永安農產品銷售中心 | D4: 23 | E4: 4 | F4: 0 | H4: 4 | I4: 0 | K4: 4 | L4: 0
A5: 501503003 | B5: 鹿野鄉 | C5: 龍田大草坪 | D5: 30 | E5: 5 | F5: 4 | H5: 4 | I5: 0 | K5: 4 | L5: 0
A6: 501503004 | B6: 鹿野鄉 | C6: 鹿野車站 | D6: 49 | E6: 2 | F6: 8 | H6: 2 | I6: 6 | K6: 2 | L6: 6
A7: 501503005 | B7: 鹿野鄉 | C7: 福鹿山休閒農莊 | D7: 22 | E7: 4 | F7: 5 | H7: 4 | I7: 3 | K7: 4 | L7: 3
A8: 501503006 | B8: 鹿野鄉 | C8: 鹿野地區農會 | D8: 24 | E8: 4 | F8: 0 | H8: 4 | I8: 0 | K8: 4 | L8: 0
A9: 501503007 | B9: 鹿野鄉 | C9: 龍田老人會館 | D9: 20 | E9: 5 | F9: 5 | H9: 4 | I9: 0 | K9: 4 | L9: 0
A10: 501503008 | B10: 鹿野鄉 | C10: 永安環教中心 | D10: 20 | E10: 4 | F10: 0 | H10: 4 | I10: 0 | K10: 4 | L10: 0
A11: 501504001 | B11: 關山鎮 | C11: 關山車站 | D11: 60 | E11: 8 | F11: 15 | H11: 4 | I11: 10 | K11: 8 | L11: 10
A12: 501504003 | B12: 關山鎮 | C12: 米國學校 | D12: 20 | E12: 2 | F12: 4 | H12: 2 | I12: 4 | K12: 2 | L12: 4
A13: 501504004 | B13: 關山鎮 | C13: 關山工商 | D13: 30 | E13: 2 | F13: 6 | H13: 2 | I13: 6 | K13: 2 | L13: 6
... A23: 501505007 | B23: 池上鄉 | C23: 日暉國際渡假村 | D23: 30 | E23: 14 | F23: 7 | H23: 6 | I23: 4 | K23: 6 | L23: 4
D65: =SUM(D2:D64) -> 631 | E65: =SUM(E2:E64) -> 166 | F65: =SUM(F2:F64) -> 121 | G65: =SUM(G2:G64) -> 0 | H65: =SUM(H2:H64) -> 99 | I65: =SUM(I2:I64) -> 72 | J65: =SUM(J2:J64) -> 0 | K65: =SUM(K2:K64) -> 103 | ... M65: =SUM(M2:M64) -> 0
A68: D3 | B68: 行政區 | C68: 場站名稱 | D68: 合約柱數 | E68: 夜班配置(假日) | G68: 2.0綁車 | H68: 早班配置(假日) | J68: 2.0綁車 | K68: 晚班配置(假日) | M68: 2.0綁車
A69: 501502005 | B69: 卑南鄉 | C69: 富山護漁區 | D69: 15 | E69: 3 | F69: 0 | H69: 3 | I69: 0 | K69: 3 | L69: 0
A70: 501506001 | B70: 成功鎮 | C70: 成功漁港 | D70: 15 | E70: 8 | F70: 0 | H70: 8 | I70: 0 | K70: 8 | L70: 0
A71: 501506002 | B71: 成功鎮 | C71: 成功鎮公所 | D71: 20 | E71: 4 | F71: 3 | H71: 5 | I71: 3 | K71: 5 | L71: 3
A72: 501506003 | B72: 成功鎮 | C72: 成功豆花 | D72: 20 | E72: 4 | F72: 3 | H72: 5 | I72: 3 | K72: 5 | L72: 3
A73: 501506005 | B73: 成功鎮 | C73: 東管處停車場 | D73: 24 | E73: 3 | F73: 0 | H73: 3 | I73: 0 | K73: 3 | L73: 0
A74: 501506006 | B74: 成功鎮 | C74: 三仙台 | D74: 30 | E74: 10 | F74: 0 | H74: 10 | I74: 0 | K74: 10 | L74: 0
A75: 501506007 | B75: 成功鎮 | C75: 成功海濱公園 | D75: 30 | E75: 4 | F75: 5 | H75: 4 | I75: 5 | K75: 4 | L75: 5
A76: 501509001 | B76: 東河鄉 | C76: 都蘭舊糖廠 | D76: 28 | E76: 6 | F76: 4 | H76: 6 | I76: 4 | K76: 6 | L76: 4
A77: 501509002 | B77: 東河鄉 | C77: 東河消防隊 | D77: 20 | E77: 3 | F77: 0 | H77: 3 | I77: 0 | K77: 3 | L77: 0
A78: 501506004 | B78: 成功鎮 | C78: 成功消防隊 | D78: 28 | E78: 4 | F78: 2 | H78: 4 | I78: 2 | K78: 4 | L78: 2
D79: =SUM(D69:D78) -> 230 | E79: =SUM(E69:E78) -> 49 | F79: =SUM(F69:F78) -> 17 | G79: =SUM(G69:G77) -> 0 | H79: =SUM(H69:H78) -> 51 | I79: =SUM(I69:I78) -> 17 | J79: =SUM(J69:J77) -> 0 | K79: =SUM(K69:K78) -> 51 | L79: =SUM(L69:L78) -> 17 | M79: =SUM(M69:M77) -> 0

Sheet D1平日
A1: D1 | B1: 行政區 | C1: 場站名稱 | D1: 合約柱數 | E1: 夜班配置(平日) | G1: 2.0綁車 | H1: 早班配置(平日) | J1: 2.0綁車 | K1: 晚班配置(平日) | M1: 2.0綁車
A2: 501501001 | B2: 台東市 | C2: 臺東縣政府文化處圖書館 | D2: 55 | E2: 5 | F2: 15 | H2: 2 | I2: 8 | K2: 2 | L2: 8
A3: 501501002 | B3: 台東市 | C3: 臺東轉運站 | D3: 60 | E3: 10 | F3: 10 | H3: 5 | I3: 10 | K3: 5 | L3: 10
A4: 501501003 | B4: 台東市 | C4: 臺東市公所 | D4: 20 | E4: 5 | F4: 5 | H4: 2 | I4: 5 | K4: 2 | L4: 5
A5: 501501004 | B5: 台東市 | C5: 臺東縣政府 | D5: 25 | E5: 5 | F5: 5 | H5: 2 | I5: 5 | K5: 2 | L5: 5
A6: 501501006 | B6: 台東市 | C6: 微光市集 | D6: 30 | E6: 5 | F6: 5 | H6: 3 | I6: 5 | K6: 3 | L6: 5
A7: 501501008 | B7: 台東市 | C7: 臺東縣立體育場 | D7: 20 | E7: 4 | F7: 4 | H7: 2 | I7: 3 | K7: 2 | L7: 3
A8: 501501009 | B8: 台東市 | C8: 東海國宅 | D8: 17 | E8: 5 | F8: 5 | H8: 5 | I8: 5 | K8: 2 | L8: 3
A9: 501501010 | B9: 台東市 | C9: 東海運動公園 | D9: 15 | E9: 4 | F9: 4 | H9: 2 | I9: 4 | K9: 2 | L9: 3
A10: 501501011 | B10: 台東市 | C10: 臺東火車站 | D10: 50 | E10: 10 | F10: 20 | H10: 10 | I10: 20 | K10: 10 | L10: 20
A11: 501501012 | B11: 台東市 | C11: 臺東棒球村第一棒球場 | D11: 20 | E11: 4 | F11: 4 | H11: 2 | I11: 4 | K11: 2 | L11: 4
A12: 501501013 | B12: 台東市 | C12: 寶桑國中活動中心 | D12: 15 | E12: 3 | F12: 3 | H12: 5 | I12: 5 | J12: 10 | K12: 5 | L12: 5 | M12: 10
A13: 501501014 | B13: 台東市 | C13: 生日蛋糕公園 | D13: 18 | E13: 4 | F13: 4 | H13: 4 | I13: 4 | K13: 4 | L13: 4
A14: 501501015 | B14: 台東市 | C14: 國立臺東女子高級中學 | D14: 39 | E14: 10 | F14: 5 | G14: 10 | H14: 20 | I14: 10 | J14: 30 | K14: 20 | L14: 10 | M14: 30
A15: 501501016 | B15: 台東市 | C15: 仁義北路與豐里橋交叉口 | D15: 20 | E15: 5 | F15: 5 | H15: 2 | I15: 5 | K15: 3 | L15: 3
A16: 501501017 | B16: 台東市 | C16: 臺東公園 | D16: 20 | E16: 4 | F16: 4 | H16: 2 | I16: 4 | K16: 2 | L16: 4
A17: 501501018 | B17: 台東市 | C17: 兒福聯盟臺東工作站 | D17: 27 | E17: 5 | F17: 5 | H17: 2 | I17: 5 | K17: 2 | L17: 5
A18: 501501019 | B18: 台東市 | C18: 國立臺東高級商業職業學校 | D18: 15 | E18: 4 | F18: 4 | H18: 3 | I18: 4 | J18: 10 | K18: 3 | L18: 4 | M18: 10
A19: 501501021 | B19: 台東市 | C19: 寶桑國小 | D19: 15 | E19: 4 | F19: 4 | H19: 3 | I19: 5 | K19: 3 | L19: 5
A20: 501501022 | B20: 台東市 | C20: 臺東縣環境保護局 | D20: 15 | E20: 4 | F20: 4 | H20: 2 | I20: 4 | K20: 2 | L20: 4
A21: 501501023 | B21: 台東市 | C21: 臺東市漢中街公園 | D21: 12 | E21: 3 | F21: 3 | H21: 2 | I21: 3 | K21: 2 | L21: 3
A22: 501501024 | B22: 台東市 | C22: 臺東聖母醫院 | D22: 18 | E22: 3 | F22: 3 | H22: 3 | I22: 3 | K22: 3 | L22: 3
A23: 501501025 | B23: 台東市 | C23: 柳州街停車場 | D23: 20 | E23: 7 | F23: 7 | H23: 7 | I23: 7 | K23: 2 | L23: 2
A24: 501501026 | B24: 台東市 | C24: 仁義北路河堤涼亭 | D24: 20 | E24: 4 | F24: 4 | H24: 2 | I24: 4 | K24: 2 | L24: 4
A25: 501501027 | B25: 台東市 | C25: 國立臺東高級中學學生宿舍 | D25: 20 | E25: 6 | F25: 5 | H25: 2 | I25: 5 | K25: 2 | L25: 5
A26: 501501029 | B26: 台東市 | C26: 桂林南路238巷與中華路一段719巷口 | D26: 18 | E26: 2 | F26: 2 | H26: 4 | I26: 4 | J26: 15 | K26: 4 | L26: 4 | M26: 15
A27: 501501030 | B27: 台東市 | C27: 臺東縣私立公東高級工業職業學校 | D27: 20 | E27: 4 | F27: 4 | H27: 4 | I27: 4 | K27: 4 | L27: 4
A28: 501501031 | B28: 台東市 | C28: 四維夜市 | D28: 17 | E28: 4 | F28: 4 | H28: 4 | I28: 3 | K28: 4 | L28: 3
A29: 501501032 | B29: 台東市 | C29: 四維路三段與傳廣路交叉口 | D29: 16 | E29: 4 | F29: 4 | H29: 2 | I29: 3 | K29: 2 | L29: 3
A30: 501501033 | B30: 台東市 | C30: 四維路三段與泰安街(西側) | D30: 20 | E30: 4 | F30: 4 | H30: 2 | I30: 3 | K30: 2 | L30: 3
A31: 501501034 | B31: 台東市 | C31: 開封街鐵馬道 | D31: 12 | E31: 5 | F31: 4 | H31: 5 | I31: 4 | K31: 5 | L31: 4
A32: 501501035 | B32: 台東市 | C32: 四維路三段與長安街交叉口 | D32: 13 | E32: 3 | F32: 3 | H32: 4 | I32: 3 | J32: 10 | K32: 4 | L32: 3 | M32: 10
A33: 501501036 | B33: 台東市 | C33: 臺東縣立新生國民中學 | D33: 23 | E33: 4 | F33: 4 | H33: 8 | I33: 7 | J33: 10 | K33: 8 | L33: 7 | M33: 10
A34: 501501037 | B34: 台東市 | C34: 臺東縣臺東市康樂國小 | D34: 20 | E34: 4 | F34: 4 | H34: 2 | I34: 4 | K34: 2 | L34: 4
A35: 501501038 | B35: 台東市 | C35: 臺東專科學校宿舍 | D35: 15 | E35: 6 | F35: 6 | G35: 8 | H35: 6 | I35: 6 | J35: 8 | K35: 6 | L35: 6 | M35: 8
A36: 501501039 | B36: 台東市 | C36: 臺東專科學校 | D36: 30 | E36: 2 | F36: 2 | H36: 1 | I36: 20 | J36: 10+10 | K36: 1 | L36: 20 | M36: 10+10
A37: 501501040 | B37: 台東市 | C37: 正氣公園 | D37: 16 | E37: 3 | F37: 3 | H37: 3 | I37: 3 | K37: 3 | L37: 3
A38: 501501041 | B38: 台東市 | C38: 長沙街溜冰場 | D38: 28 | E38: 8 | F38: 8 | H38: 6 | I38: 6 | K38: 6 | L38: 6
A39: 501501042 | B39: 台東市 | C39: 臺東航空站 | D39: 20 | E39: 4 | F39: 4 | H39: 4 | I39: 4 | K39: 4 | L39: 4
A40: 501501043 | B40: 台東市 | C40: 娜路彎大酒店 | D40: 30 | E40: 5 | F40: 10 | H40: 5 | I40: 5 | K40: 5 | L40: 5
A41: 501501044 | B41: 台東市 | C41: 臺東大學附屬特殊教育學校 | D41: 20 | E41: 4 | F41: 4 | H41: 3 | I41: 3 | K41: 3 | L41: 3
A42: 501501045 | B42: 台東市 | C42: 康樂火車站 | D42: 24 | E42: 3 | F42: 3 | H42: 2 | I42: 3 | K42: 2 | L42: 3
A43: 501501046 | B43: 台東市 | C43: 國立臺灣史前文化博物館 | D43: 30 | E43: 5 | F43: 5 | H43: 3 | I43: 5 | K43: 3 | L43: 5
A44: 501501047 | B44: 台東市 | C44: 臺東大學附屬體育高級中學 | D44: 20 | E44: 7 | F44: 7 | H44: 7 | I44: 7 | K44: 7 | L44: 7
A45: 501501048 | B45: 台東市 | C45: 臺東表演藝術創生基地 | D45: 20 | E45: 5 | F45: 5 | H45: 3 | I45: 4 | K45: 3 | L45: 4
A46: 501501049 | B46: 台東市 | C46: 臺東市新生國民小學 | D46: 16 | E46: 3 | F46: 3 | H46: 3 | I46: 3 | K46: 3 | L46: 3
A47: 501501050 | B47: 台東市 | C47: 北町日式宿舍 | D47: 16 | E47: 3 | F47: 3 | H47: 5 | I47: 5 | J47: 5 | K47: 5 | L47: 5 | M47: 5
A48: 501501051 | B48: 台東市 | C48: 國立臺東大學知本校區正門 | D48: 30 | E48: 6 | F48: 6 | H48: 6 | I48: 6 | K48: 6 | L48: 6
A49: 501501052 | B49: 台東市 | C49: 卑南遺址公園 | D49: 31 | E49: 3 | F49: 3 | H49: 2 | I49: 3 | K49: 2 | L49: 3
A50: 501501053 | B50: 台東市 | C50: 新興路與北安路52巷口 | D50: 20 | E50: 6 | F50: 6 | H50: 2 | I50: 4 | K50: 2 | L50: 4
A51: 501501054 | B51: 台東市 | C51: 知本火車站 | D51: 30 | E51: 5 | F51: 8 | H51: 5 | I51: 8 | K51: 5 | L51: 8
A52: 501501055 | B52: 台東市 | C52: 臺東市仁愛國民小學 | D52: 25 | E52: 5 | F52: 5 | H52: 3 | I52: 5 | K52: 3 | L52: 5
A53: 501501056 | B53: 台東市 | C53: 南一街與南一街113巷口 | D53: 20 | E53: 4 | F53: 4 | H53: 4 | I53: 4 | K53: 4 | L53: 3
A54: 501501057 | B54: 台東市 | C54: 馬蘭部落更生聚會所 | D54: 18 | E54: 4 | F54: 4 | H54: 4 | I54: 4 | K54: 4 | L54: 4
A55: 501501058 | B55: 台東市 | C55: 統冠聯合超市(臺東店) | D55: 15 | E55: 3 | F55: 3 | H55: 3 | I55: 3 | K55: 3 | L55: 3
A56: 501501059 | B56: 台東市 | C56: 寶桑里活動中心 | D56: 22 | E56: 5 | F56: 5 | H56: 5 | I56: 3 | K56: 5 | L56: 3
A57: 501501060 | B57: 台東市 | C57: 臺東市豐田國民小學 | D57: 20 | E57: 4 | F57: 4 | H57: 4 | I57: 4 | K57: 4 | L57: 4
A58: 501501061 | B58: 台東市 | C58: 自強公園 | D58: 20 | E58: 3 | F58: 3 | H58: 3 | I58: 3 | K58: 3 | L58: 3
A59: 501501062 | B59: 台東市 | C59: 臺東市東海國民小學 | D59: 18 | E59: 3 | F59: 3 | H59: 3 | I59: 3 | K59: 3 | L59: 3
A60: 501501063 | B60: 台東市 | C60: 榮民總醫院更生院區 | D60: 20 | E60: 5 | F60: 5 | H60: 5 | I60: 5 | K60: 5 | L60: 5
A61: 501501064 | B61: 台東市 | C61: 東方大鎮鐵馬道 | D61: 19 | E61: 1 | F61: 15 | G61: 25 | H61: 3 | I61: 3 | K61: 3 | L61: 3
A62: 501501065 | B62: 台東市 | C62: 更生北路384巷與永安街口 | D62: 25 | E62: 3 | F62: 7 | H62: 2 | I62: 7 | K62: 2 | L62: 3
A63: 501501066 | B63: 台東市 | C63: 東立羽球館 | D63: 21 | E63: 2 | F63: 4 | H63: 2 | I63: 2 | K63: 2 | L63: 2
A64: 501501069 | B64: 台東市 | C64: 立麗大酒店 | D64: 15 | E64: 2 | F64: 2 | H64: 2 | I64: 2 | K64: 2 | L64: 2
A65: 501501070 | B65: 台東市 | C65: 大橋部落聚會所 | D65: 16 | E65: 2 | F65: 5 | H65: 2 | I65: 3 | K65: 2 | L65: 3
A66: 501501071 | B66: 台東市 | C66: 興安路二段與樂利路口 | D66: 20 | E66: 4 | F66: 5 | H66: 4 | I66: 5 | K66: 4 | L66: 5
A67: 501501072 | B67: 台東市 | C67: 知本代天府 | D67: 20 | E67: 2 | F67: 2 | H67: 2 | I67: 2 | K67: 2 | L67: 2
A68: 501501074 | B68: 台東市 | C68: 富岡地質公園 | D68: 30 | E68: 5 | F68: 5 | H68: 5 | I68: 5 | K68: 5 | L68: 5
A69: 501501076 | B69: 台東市 | C69: 育仁中學 | D69: 31 | E69: 5 | F69: 5 | H69: 5 | I69: 5 | K69: 5 | L69: 5
A70: 501501077 | B70: 台東市 | C70: 馬蘭橋 | D70: 20 | E70: 2 | F70: 5 | H70: 2 | I70: 2 | K70: 2 | L70: 2
A71: 501501078 | B71: 台東市 | C71: 秀泰影城 | D71: 24 | E71: 4 | F71: 4 | H71: 6 | I71: 6 | K71: 6 | L71: 6
A72: 501501079 | B72: 台東市 | C72: 臺東社區大學 | D72: 25 | E72: 3 | F72: 3 | H72: 7 | I72: 7 | J72: 10 | K72: 7 | L72: 7 | M72: 10
A73: 501501080 | B73: 台東市 | C73: 臺東縣長期照顧中心 | D73: 25 | E73: 4 | F73: 4 | H73: 2 | I73: 4 | K73: 2 | L73: 4
A74: 501501081 | B74: 台東市 | C74: 仁和公園 | D74: 15 | E74: 3 | F74: 3 | H74: 3 | I74: 3 | K74: 3 | L74: 3
A75: 501501083 | B75: 台東市 | C75: 法鼓山信行寺 | D75: 19 | E75: 4 | F75: 5 | H75: 4 | I75: 5 | K75: 4 | L75: 5
A76: 501501084 | B76: 台東市 | C76: 臺東縣立壘球場 | D76: 24 | E76: 3 | F76: 3 | H76: 3 | I76: 3 | K76: 3 | L76: 3
A77: 501501085 | B77: 台東市 | C77: 富岡公有停車場 | D77: 20 | E77: 2 | F77: 4 | H77: 2 | I77: 4 | K77: 2 | L77: 4
A78: 501501086 | B78: 台東市 | C78: 大同路與精誠路口 | D78: 18 | E78: 5 | F78: 5 | H78: 5 | I78: 5 | K78: 5 | L78: 5
A79: 501502002 | B79: 卑南鄉 | C79: 臺東戶政事務所卑南辦公室 | D79: 17 | E79: 3 | F79: 3 | H79: 2 | I79: 5 | K79: 2 | L79: 5
A80: 501502004 | B80: 卑南鄉 | C80: 7-11東遊季門市 | D80: 20 | E80: 4 | F80: 4 | H80: 4 | I80: 4 | K80: 4 | L80: 4
A81: 501502006 | B81: 卑南鄉 | C81: 知本第一公有停車場 | D81: 28 | E81: 3 | F81: 5 | H81: 2 | I81: 5 | K81: 2 | L81: 5
A82: 501502007 | B82: 卑南鄉 | C82: 東台溫泉飯店 | D82: 24 | E82: 4 | F82: 4 | H82: 4 | I82: 4 | K82: 4 | L82: 4
A83: 501502008 | B83: 卑南鄉 | C83: 知本國家森林遊樂區 | D83: 24 | E83: 4 | F83: 4 | H83: 4 | I83: 4 | K83: 4 | L83: 4
D84: =SUM(D2:D83) -> 1819 | E84: =SUM(E2:E83) -> 345 | F84: =SUM(F2:F83) -> 398 | G84: =SUM(G2:G83) -> 43 | H84: =SUM(H2:H83) -> 306 | I84: =SUM(I2:I83) -> 396 | J84: =SUM(J2:J83) -> 108 | K84: =SUM(K2:K83) -> 299 | ... M84: =SUM(M2:M83) -> 108

Sheet D1假日
A1: D1 | B1: 行政區 | C1: 場站名稱 | D1: 合約柱數 | E1: 夜班配置(假日) | G1: 2.0綁車 | H1: 早班配置(假日) | J1: 2.0綁車 | K1: 晚班配置(假日) | M1: 2.0綁車
A2: 501501001 | B2: 台東市 | C2: 臺東縣政府文化處圖書館 | D2: 55 | E2: 5 | F2: 15 | H2: 5 | I2: 15 | K2: 5 | L2: 15
A3: 501501002 | B3: 台東市 | C3: 臺東轉運站 | D3: 60 | E3: 10 | F3: 20 | H3: 10 | I3: 20 | K3: 10 | L3: 20
A4: 501501003 | B4: 台東市 | C4: 臺東市公所 | D4: 20 | E4: 5 | F4: 5 | H4: 5 | I4: 5 | K4: 4 | L4: 5
A5: 501501004 | B5: 台東市 | C5: 臺東縣政府 | D5: 25 | E5: 5 | F5: 8 | H5: 5 | I5: 8 | K5: 5 | L5: 8
A6: 501501006 | B6: 台東市 | C6: 微光市集 | D6: 30 | E6: 5 | F6: 5 | H6: 5 | I6: 5 | K6: 3 | L6: 10
A7: 501501008 | B7: 台東市 | C7: 臺東縣立體育場 | D7: 20 | E7: 3 | F7: 3 | H7: 3 | I7: 3 | K7: 3 | L7: 3
A8: 501501009 | B8: 台東市 | C8: 東海國宅 | D8: 17 | E8: 5 | F8: 5 | H8: 5 | I8: 5 | K8: 5 | L8: 5
A9: 501501010 | B9: 台東市 | C9: 東海運動公園 | D9: 15 | E9: 4 | F9: 4 | H9: 4 | I9: 4 | K9: 3 | L9: 4
A10: 501501011 | B10: 台東市 | C10: 臺東火車站 | D10: 50 | E10: 10 | F10: 25 | H10: 10 | I10: 25 | K10: 5 | L10: 25
A11: 501501012 | B11: 台東市 | C11: 臺東棒球村第一棒球場 | D11: 20 | E11: 4 | F11: 4 | H11: 5 | I11: 5 | K11: 5 | L11: 5
A12: 501501013 | B12: 台東市 | C12: 寶桑國中活動中心 | D12: 15 | E12: 4 | F12: 4 | H12: 4 | I12: 4 | K12: 5 | L12: 5
A13: 501501014 | B13: 台東市 | C13: 生日蛋糕公園 | D13: 18 | E13: 4 | F13: 4 | H13: 3 | I13: 3 | K13: 4 | L13: 4
... A43: 501501046 | B43: 台東市 | C43: 國立臺灣史前文化博物館 | D43: 30 | E43: 5 | F43: 5 | H43: 5 | I43: 5 | K43: 5 | L43: 5
A44: 501501047 | B44: 台東市 | C44: 臺東大學附屬體育高級中學 | D44: 20 | E44: 2 | F44: 13 | G44: 15 | H44: 2 | I44: 13 | J44: 15 | K44: 2 | L44: 13 | M44: 15
A45: 501501048 | B45: 台東市 | C45: 臺東表演藝術創生基地 | D45: 20 | E45: 5 | F45: 5 | H45: 5 | I45: 5 | K45: 3 | L45: 3
A46: 501501049 | B46: 台東市 | C46: 臺東市新生國民小學 | D46: 16 | E46: 3 | F46: 3 | H46: 3 | I46: 3 | K46: 3 | L46: 3
A47: 501501050 | B47: 台東市 | C47: 北町日式宿舍 | D47: 16 | E47: 3 | F47: 3 | H47: 3 | I47: 3 | K47: 4 | L47: 4
A48: 501501051 | B48: 台東市 | C48: 國立臺東大學知本校區正門 | D48: 30 | E48: 5 | F48: 5 | H48: 5 | I48: 5 | K48: 5 | L48: 5
A49: 501501052 | B49: 台東市 | C49: 卑南遺址公園 | D49: 31 | E49: 3 | F49: 3 | H49: 3 | I49: 3 | K49: 3 | L49: 3
A50: 501501053 | B50: 台東市 | C50: 新興路與北安路52巷口 | D50: 20 | E50: 6 | F50: 6 | H50: 4 | I50: 4 | K50: 4 | L50: 4
A51: 501501054 | B51: 台東市 | C51: 知本火車站 | D51: 30 | E51: 5 | F51: 8 | H51: 5 | I51: 8 | K51: 5 | L51: 8
A52: 501501055 | B52: 台東市 | C52: 臺東市仁愛國民小學 | D52: 25 | E52: 5 | F52: 8 | H52: 4 | I52: 8 | K52: 4 | L52: 8
A53: 501501056 | B53: 台東市 | C53: 南一街與南一街113巷口 | D53: 20 | E53: 4 | F53: 4 | H53: 4 | I53: 4 | K53: 4 | L53: 4
A54: 501501057 | B54: 台東市 | C54: 馬蘭部落更生聚會所 | D54: 18 | E54: 6 | F54: 0 | H54: 6 | I54: 0 | K54: 6 | L54: 0
A55: 501501058 | B55: 台東市 | C55: 統冠聯合超市(臺東店) | D55: 15 | E55: 3 | F55: 3 | H55: 3 | I55: 3 | K55: 3 | L55: 3
A56: 501501059 | B56: 台東市 | C56: 寶桑里活動中心 | D56: 22 | E56: 5 | F56: 5 | H56: 5 | I56: 5 | K56: 5 | L56: 5
... A81: 501501089 | B81: 台東市 | C81: 衡陽路151巷口 | D81: 19 | E81: 4 | F81: 4 | H81: 4 | I81: 4 | K81: 4 | L81: 4
A82: 501501091 | B82: 台東市 | C82: 復興路128號 | D82: 16
A83: 501502002 | B83: 卑南鄉 | C83: 臺東戶政事務所卑南辦公室 | D83: 17 | E83: 5 | F83: 0 | H83: 5 | I83: 0 | K83: 5 | L83: 0
A84: 501502004 | B84: 卑南鄉 | C84: 7-11東遊季門市 | D84: 20 | E84: 6 | F84: 6 | H84: 6 | I84: 6 | K84: 6 | L84: 6
A85: 501502006 | B85: 卑南鄉 | C85: 知本第一公有停車場 | D85: 28 | E85: 3 | F85: 5 | H85: 3 | I85: 5 | K85: 3 | L85: 5
A86: 501502007 | B86: 卑南鄉 | C86: 東台溫泉飯店 | D86: 24 | E86: 6 | F86: 6 | H86: 6 | I86: 6 | K86: 6 | L86: 6
A87: 501502008 | B87: 卑南鄉 | C87: 知本國家森林遊樂區 | D87: 24 | E87: 4 | F87: 4 | H87: 4 | I87: 4 | K87: 4 | L87: 4
A88: 501502001 | B88: 卑南鄉 | C88: 卑南遊客中心 | D88: 16 | E88: 4 | F88: 2 | H88: 4 | I88: 2 | K88: 4 | L88: 2
D89: =SUM(D2:D88) -> 1902 | E89: =SUM(E2:E88) -> 356 | F89: =SUM(F2:F88) -> 436 | G89: =SUM(G2:G87) -> 15 | H89: =SUM(H2:H88) -> 347 | I89: =SUM(I2:I88) -> 423 | J89: =SUM(J2:J87) -> 15 | K89: =SUM(K2:K88) -> 337 | L89: =SUM(L2:L88) -> 425 | M89: =SUM(M2:M87) -> 15

Sheet D2平日
A1: D2 | B1: 行政區 | C1: 場站名稱 | D1: 合約柱數 | E1: 夜班配置(平日) | G1: 2.0綁車 | H1: 早班配置(平日) | J1: 2.0綁車 | K1: 晚班配置(平日) | M1: 2.0綁車
A2: 501502003 | B2: 卑南鄉 | C2: 卑南鄉老人文康中心 | D2: 15 | E2: 4 | F2: 0 | H2: 4 | I2: 0 | K2: 4 | L2: 0
A3: 501503001 | B3: 鹿野鄉 | C3: 瑞源車站 | D3: 20 | E3: 5 | F3: 0 | H3: 5 | I3: 0 | K3: 5 | L3: 0
A4: 501503002 | B4: 鹿野鄉 | C4: 永安農產品銷售中心 | D4: 23 | E4: 6 | F4: 0 | H4: 6 | I4: 0 | K4: 6 | L4: 0
A5: 501503003 | B5: 鹿野鄉 | C5: 龍田大草坪 | D5: 30 | E5: 8 | F5: 0 | H5: 8 | I5: 0 | K5: 8 | L5: 0
A6: 501503004 | B6: 鹿野鄉 | C6: 鹿野車站 | D6: 49 | E6: 4 | F6: 8 | H6: 4 | I6: 8 | K6: 4 | L6: 8
A7: 501503005 | B7: 鹿野鄉 | C7: 福鹿山休閒農莊 | D7: 22 | E7: 5 | F7: 5 | H7: 5 | I7: 5 | K7: 5 | L7: 5
A8: 501503006 | B8: 鹿野鄉 | C8: 鹿野地區農會 | D8: 24 | E8: 4 | F8: 0 | H8: 4 | I8: 0 | K8: 4 | L8: 0
A9: 501503007 | B9: 鹿野鄉 | C9: 龍田老人會館 | D9: 20 | E9: 5 | F9: 0 | H9: 5 | I9: 0 | K9: 5 | L9: 0
A10: 501503008 | B10: 鹿野鄉 | C10: 永安環教中心 | D10: 20 | E10: 6 | F10: 0 | H10: 6 | I10: 0 | K10: 6 | L10: 0
A11: 501504001 | B11: 關山鎮 | C11: 關山車站 | D11: 60 | E11: 8 | F11: 22 | H11: 8 | I11: 22 | K11: 8 | L11: 22
A12: 501504003 | B12: 關山鎮 | C12: 米國學校 | D12: 20 | E12: 3 | F12: 5 | H12: 5 | I12: 5 | K12: 3 | L12: 5
A13: 501504004 | B13: 關山鎮 | C13: 關山工商 | D13: 30 | E13: 5 | F13: 5 | H13: 5 | I13: 9 | K13: 5 | L13: 9
... A23: 501505007 | B23: 池上鄉 | C23: 日暉國際渡假村 | D23: 30 | E23: 13 | F23: 5 | H23: 13 | I23: 5 | K23: 13 | L23: 5
D65: =SUM(D2:D64) -> 631 | E65: =SUM(E2:E64) -> 143 | F65: =SUM(F2:F64) -> 83 | G65: =SUM(G2:G64) -> 0 | H65: =SUM(H2:H64) -> 145 | I65: =SUM(I2:I64) -> 95 | J65: =SUM(J2:J64) -> 0 | K65: =SUM(K2:K64) -> 143 | ... M65: =SUM(M2:M64) -> 0

Sheet D2假日
A1: D2 | B1: 行政區 | C1: 場站名稱 | D1: 合約柱數 | E1: 夜班配置(假日) | G1: 2.0綁車 | H1: 早班配置(假日) | J1: 2.0綁車 | K1: 晚班配置(假日) | M1: 2.0綁車
A2: 501502003 | B2: 卑南鄉 | C2: 卑南鄉老人文康中心 | D2: 15 | E2: 4 | F2: 1 | H2: 4 | I2: 1 | K2: 4 | L2: 1
A3: 501503001 | B3: 鹿野鄉 | C3: 瑞源車站 | D3: 20 | E3: 2 | F3: 5 | H3: 2 | I3: 5 | K3: 2 | L3: 5
A4: 501503002 | B4: 鹿野鄉 | C4: 永安農產品銷售中心 | D4: 23 | E4: 2 | F4: 2 | H4: 2 | I4: 2 | K4: 2 | L4: 2
A5: 501503003 | B5: 鹿野鄉 | C5: 龍田大草坪 | D5: 30 | E5: 8 | F5: 6 | H5: 8 | I5: 6 | K5: 8 | L5: 6
A6: 501503004 | B6: 鹿野鄉 | C6: 鹿野車站 | D6: 49 | E6: 12 | F6: 8 | H6: 12 | I6: 8 | K6: 5 | L6: 8
A7: 501503005 | B7: 鹿野鄉 | C7: 福鹿山休閒農莊 | D7: 22 | E7: 4 | F7: 8 | H7: 4 | I7: 8 | K7: 4 | L7: 8
A8: 501503006 | B8: 鹿野鄉 | C8: 鹿野地區農會 | D8: 24 | E8: 2 | F8: 5 | H8: 2 | I8: 5 | K8: 2 | L8: 5
A9: 501503007 | B9: 鹿野鄉 | C9: 龍田老人會館 | D9: 20 | E9: 2 | F9: 5 | H9: 2 | I9: 5 | K9: 2 | L9: 5
A10: 501503008 | B10: 鹿野鄉 | C10: 永安環教中心 | D10: 20 | E10: 2 | F10: 5 | H10: 2 | I10: 5 | K10: 2 | L10: 5
A11: 501504001 | B11: 關山鎮 | C11: 關山車站 | D11: 60 | E11: 5 | F11: 38 | H11: 5 | I11: 38 | K11: 5 | L11: 38
A12: 501504003 | B12: 關山鎮 | C12: 米國學校 | D12: 20 | E12: 3 | F12: 3 | H12: 3 | I12: 3 | K12: 2 | L12: 3
A13: 501504004 | B13: 關山鎮 | C13: 關山工商 | D13: 30 | E13: 4 | F13: 9 | H13: 4 | I13: 9 | K13: 5 | L13: 9
... A23: 501505007 | B23: 池上鄉 | C23: 日暉國際渡假村 | D23: 30 | E23: 13 | F23: 5 | H23: 13 | I23: 5 | K23: 13 | L23: 5
D63: =SUM(D2:D62) -> 631 | E63: =SUM(E2:E62) -> 134 | F63: =SUM(F2:F62) -> 145 | G63: =SUM(G2:G62) -> 0 | H63: =SUM(H2:H62) -> 134 | I63: =SUM(I2:I62) -> 145 | J63: =SUM(J2:J62) -> 0 | K63: =SUM(K2:K62) -> 127 | ... M63: =SUM(M2:M62) -> 0

Sheet D3平日
A1: D3 | B1: 行政區 | C1: 場站名稱 | D1: 合約柱數 | E1: 夜班配置(平日) | G1: 2.0綁車 | H1: 早班配置(平日) | J1: 2.0綁車 | K1: 晚班配置(平日) | M1: 2.0綁車
A2: 501502005 | B2: 卑南鄉 | C2: 富山護漁區 | D2: 15 | E2: 2 | F2: 2 | H2: 2 | I2: 2 | K2: 2 | L2: 2
A3: 501506001 | B3: 成功鎮 | C3: 成功漁港 | D3: 15 | E3: 4 | F3: 4 | H3: 4 | I3: 4 | K3: 4 | L3: 4
A4: 501506002 | B4: 成功鎮 | C4: 成功鎮公所 | D4: 20 | E4: 5 | F4: 5 | H4: 5 | I4: 5 | K4: 5 | L4: 5
A5: 501506003 | B5: 成功鎮 | C5: 成功豆花 | D5: 20 | E5: 5 | F5: 5 | H5: 5 | I5: 5 | K5: 5 | L5: 5
A6: 501506005 | B6: 成功鎮 | C6: 東管處停車場 | D6: 24 | E6: 5 | F6: 5 | H6: 5 | I6: 5 | K6: 5 | L6: 5
A7: 501506006 | B7: 成功鎮 | C7: 三仙台 | D7: 30 | E7: 7 | F7: 8 | H7: 7 | I7: 8 | K7: 7 | L7: 8
A8: 501506007 | B8: 成功鎮 | C8: 成功海濱公園 | D8: 30 | E8: 5 | F8: 5 | H8: 5 | I8: 5 | K8: 5 | L8: 5
A9: 501509001 | B9: 東河鄉 | C9: 都蘭舊糖廠 | D9: 28 | E9: 5 | F9: 6 | H9: 5 | I9: 6 | K9: 5 | L9: 6
A10: 501509002 | B10: 東河鄉 | C10: 東河消防隊 | D10: 20 | E10: 2 | F10: 2 | H10: 2 | I10: 2 | K10: 2 | L10: 2
D61: =SUM(D2:D60) -> 202 | E61: =SUM(E2:E60) -> 40 | F61: =SUM(F2:F60) -> 42 | G61: =SUM(G2:G60) -> 0 | H61: =SUM(H2:H60) -> 40 | I61: =SUM(I2:I60) -> 42 | J61: =SUM(J2:J60) -> 0 | K61: =SUM(K2:K60) -> 40 | ... M61: =SUM(M2:M60) -> 0

Sheet D3假日
A1: D3 | B1: 行政區 | C1: 場站名稱 | D1: 合約柱數 | E1: 夜班配置(假日) | G1: 2.0綁車 | H1: 早班配置(假日) | J1: 2.0綁車 | K1: 晚班配置(假日) | M1: 2.0綁車
A2: 501502005 | B2: 卑南鄉 | C2: 富山護漁區 | D2: 15 | E2: 2 | F2: 2 | H2: 2 | I2: 2 | K2: 2 | L2: 2
A3: 501506001 | B3: 成功鎮 | C3: 成功漁港 | D3: 15 | E3: 4 | F3: 4 | H3: 4 | I3: 4 | K3: 4 | L3: 4
A4: 501506002 | B4: 成功鎮 | C4: 成功鎮公所 | D4: 20 | E4: 5 | F4: 5 | H4: 5 | I4: 5 | K4: 5 | L4: 5
A5: 501506003 | B5: 成功鎮 | C5: 成功豆花 | D5: 20 | E5: 5 | F5: 5 | H5: 5 | I5: 5 | K5: 5 | L5: 5
A6: 501506005 | B6: 成功鎮 | C6: 東管處停車場 | D6: 24 | E6: 5 | F6: 5 | H6: 5 | I6: 5 | K6: 5 | L6: 5
A7: 501506006 | B7: 成功鎮 | C7: 三仙台 | D7: 30 | E7: 7 | F7: 8 | H7: 7 | I7: 8 | K7: 7 | L7: 8
A8: 501506007 | B8: 成功鎮 | C8: 成功海濱公園 | D8: 30 | E8: 5 | F8: 5 | H8: 5 | I8: 5 | K8: 5 | L8: 5
A9: 501509001 | B9: 東河鄉 | C9: 都蘭舊糖廠 | D9: 28 | E9: 5 | F9: 6 | H9: 5 | I9: 6 | K9: 5 | L9: 6
A10: 501509002 | B10: 東河鄉 | C10: 東河消防隊 | D10: 20 | E10: 2 | F10: 2 | H10: 2 | I10: 2 | K10: 2 | L10: 2
D61: =SUM(D2:D60) -> 202 | E61: =SUM(E2:E60) -> 40 | F61: =SUM(F2:F60) -> 42 | G61: =SUM(G2:G60) -> 0 | H61: =SUM(H2:H60) -> 40 | I61: =SUM(I2:I60) -> 42 | J61: =SUM(J2:J60) -> 0 | K61: =SUM(K2:K60) -> 40 | ... M61: =SUM(M2:M60) -> 0

Sheet D1暑假
A1: D1 | B1: 行政區 | C1: 場站名稱 | D1: 合約柱數 | E1: 夜班配置(暑假) | G1: 2.0綁車 | H1: 早班配置(暑假) | J1: 2.0綁車 | K1: 晚班配置(暑假) | M1: 2.0綁車
A2: 501501001 | B2: 台東市 | C2: 臺東縣政府文化處圖書館 | D2: 55 | E2: 15 | F2: 10 | H2: 8 | I2: 8 | K2: 8 | L2: 8
A3: 501501002 | B3: 台東市 | C3: 臺東轉運站 | D3: 60 | E3: 20 | F3: 15 | H3: 12 | I3: 13 | K3: 7 | L3: 15
A4: 501501003 | B4: 台東市 | C4: 臺東市公所 | D4: 20 | E4: 5 | F4: 5 | H4: 2 | I4: 5 | K4: 1 | L4: 5
A5: 501501004 | B5: 台東市 | C5: 臺東縣政府 | D5: 25 | E5: 6 | F5: 6 | H5: 2 | I5: 5 | K5: 1 | L5: 5
A6: 501501006 | B6: 台東市 | C6: 微光市集 | D6: 30 | E6: 7 | F6: 7 | H6: 8 | I6: 7 | K6: 8 | L6: 7
A7: 501501008 | B7: 台東市 | C7: 臺東縣立體育場 | D7: 20 | E7: 6 | F7: 4 | H7: 2 | I7: 2 | K7: 5 | L7: 3
A8: 501501009 | B8: 台東市 | C8: 東海國宅 | D8: 17 | E8: 5 | F8: 5 | H8: 5 | I8: 4 | K8: 5 | L8: 3
A9: 501501010 | B9: 台東市 | C9: 東海運動公園 | D9: 15 | E9: 4 | F9: 4 | H9: 3 | I9: 4 | K9: 5 | L9: 3
A10: 501501011 | B10: 台東市 | C10: 臺東火車站 | D10: 50 | E10: 10 | F10: 20 | H10: 10 | I10: 15 | K10: 7 | L10: 15
A11: 501501012 | B11: 台東市 | C11: 臺東棒球村第一棒球場 | D11: 20 | E11: 6 | F11: 6 | H11: 5 | I11: 5 | K11: 5 | L11: 5
A12: 501501013 | B12: 台東市 | C12: 寶桑國中活動中心 | D12: 15 | E12: 5 | F12: 4 | H12: 3 | I12: 5 | K12: 5 | L12: 3
A13: 501501014 | B13: 台東市 | C13: 生日蛋糕公園 | D13: 18 | E13: 5 | F13: 5 | H13: 5 | I13: 3 | K13: 5 | L13: 3
... A75: 501501083 | B75: 台東市 | C75: 法鼓山信行寺 | D75: 19 | E75: 4 | F75: 5 | H75: 4 | I75: 5 | K75: 4 | L75: 5
D76: =SUM(D2:D75) -> 1627 | E76: =SUM(E2:E75) -> 405 | F76: =SUM(F2:F75) -> 407 | G76: =SUM(G2:G74) -> 0 | H76: =SUM(H2:H75) -> 337 | I76: =SUM(I2:I75) -> 402 | J76: =SUM(J2:J74) -> 0 | K76: =SUM(K2:K75) -> 314 | L76: =SUM(L2:L75) -> 394 | M76: =SUM(M2:M74) -> 0

Sheet D1寒假 2026
A1: D1 | B1: 行政區 | C1: 場站名稱 | D1: 合約柱數 | E1: 夜班配置(寒假) | G1: 2.0綁車 | H1: 早班配置(寒假) | J1: 2.0綁車 | K1: 晚班配置(寒假) | M1: 2.0綁車
A2: 501501001 | B2: 台東市 | C2: 臺東縣政府文化處圖書館 | D2: 55 | E2: 5 | F2: 15 | H2: 2 | I2: 8 | K2: 2 | L2: 8
A3: 501501002 | B3: 台東市 | C3: 臺東轉運站 | D3: 60 | E3: 10 | F3: 20 | H3: 5 | I3: 20 | K3: 5 | L3: 20
A4: 501501003 | B4: 台東市 | C4: 臺東市公所 | D4: 20 | E4: 3 | F4: 7 | H4: 3 | I4: 7 | K4: 3 | L4: 7
A5: 501501004 | B5: 台東市 | C5: 臺東縣政府 | D5: 25 | E5: 5 | F5: 7 | H5: 2 | I5: 7 | K5: 2 | L5: 7
A6: 501501006 | B6: 台東市 | C6: 微光市集 | D6: 30 | E6: 5 | F6: 5 | H6: 5 | I6: 5 | K6: 5 | L6: 5
A7: 501501008 | B7: 台東市 | C7: 臺東縣立體育場 | D7: 20 | E7: 4 | F7: 4 | H7: 2 | I7: 3 | K7: 2 | L7: 3
A8: 501501009 | B8: 台東市 | C8: 東海國宅 | D8: 17 | E8: 5 | F8: 5 | H8: 5 | I8: 5 | K8: 2 | L8: 3
A9: 501501010 | B9: 台東市 | C9: 東海運動公園 | D9: 15 | E9: 4 | F9: 4 | H9: 2 | I9: 4 | K9: 2 | L9: 3
A10: 501501011 | B10: 台東市 | C10: 臺東火車站 | D10: 50 | E10: 10 | F10: 20 | H10: 10 | I10: 20 | K10: 10 | L10: 20
A11: 501501012 | B11: 台東市 | C11: 臺東棒球村第一棒球場 | D11: 20 | E11: 6 | F11: 6 | H11: 6 | I11: 6 | K11: 2 | L11: 4
A12: 501501013 | B12: 台東市 | C12: 寶桑國中活動中心 | D12: 15 | E12: 3 | F12: 3 | H12: 3 | I12: 3 | K12: 3 | L12: 3
A13: 501501014 | B13: 台東市 | C13: 生日蛋糕公園 | D13: 18 | E13: 4 | F13: 4 | H13: 4 | I13: 4 | K13: 4 | L13: 4
... A87: 501502001 | B87: 卑南鄉 | C87: 卑南遊客中心 | D87: 16 | E87: 4 | F87: 2 | H87: 4 | I87: 2 | K87: 4 | L87: 2
D88: =SUM(D2:D87) -> 1886 | E88: =SUM(E2:E87) -> 343 | F88: =SUM(F2:F87) -> 393 | G88: =SUM(G2:G86) -> 0 | H88: =SUM(H2:H86) -> 304 | I88: =SUM(I2:I86) -> 387 | J88: =SUM(J2:J86) -> 0 | K88: =SUM(K2:K86) -> 293 | L88: =SUM(L2:L86) -> 354 | M88: =SUM(M2:M86) -> 0

Sheet D1寒假 2026新
A1: D1 | B1: 行政區 | C1: 場站名稱 | D1: 合約柱數 | E1: 夜班配置(寒假) | G1: 2.0綁車 | H1: 早班配置(寒假) | J1: 2.0綁車 | K1: 晚班配置(寒假) | M1: 2.0綁車
A2: 501501001 | B2: 台東市 | C2: 臺東縣政府文化處圖書館 | D2: 55 | E2: 5 | F2: 10 | H2: 2 | I2: 8 | K2: 2 | L2: 8
A3: 501501002 | B3: 台東市 | C3: 臺東轉運站 | D3: 60 | E3: 5 | F3: 20 | H3: 5 | I3: 20 | K3: 5 | L3: 20
A4: 501501003 | B4: 台東市 | C4: 臺東市公所 | D4: 20 | E4: 3 | F4: 7 | H4: 3 | I4: 7 | K4: 3 | L4: 7
A5: 501501004 | B5: 台東市 | C5: 臺東縣政府 | D5: 25 | E5: 3 | F5: 7 | H5: 2 | I5: 7 | K5: 2 | L5: 7
A6: 501501006 | B6: 台東市 | C6: 微光市集 | D6: 30 | E6: 5 | F6: 5 | H6: 5 | I6: 5 | K6: 5 | L6: 5
A7: 501501008 | B7: 台東市 | C7: 臺東縣立體育場 | D7: 20 | E7: 4 | F7: 4 | H7: 2 | I7: 3 | K7: 2 | L7: 3
A8: 501501009 | B8: 台東市 | C8: 東海國宅 | D8: 17 | E8: 5 | F8: 5 | H8: 5 | I8: 5 | K8: 2 | L8: 3
A9: 501501010 | B9: 台東市 | C9: 東海運動公園 | D9: 15 | E9: 4 | F9: 4 | H9: 2 | I9: 4 | K9: 2 | L9: 3
A10: 501501011 | B10: 台東市 | C10: 臺東火車站 | D10: 50 | E10: 10 | F10: 20 | H10: 10 | I10: 20 | K10: 10 | L10: 20
A11: 501501012 | B11: 台東市 | C11: 臺東棒球村第一棒球場 | D11: 20 | E11: 6 | F11: 6 | H11: 6 | I11: 6 | K11: 2 | L11: 4
A12: 501501013 | B12: 台東市 | C12: 寶桑國中活動中心 | D12: 15 | E12: 3 | F12: 3 | H12: 3 | I12: 3 | K12: 3 | L12: 3
A13: 501501014 | B13: 台東市 | C13: 生日蛋糕公園 | D13: 18 | E13: 3 | F13: 3 | H13: 4 | I13: 4 | K13: 4 | L13: 4
... A55: 501501058 | B55: 台東市 | C55: 統冠聯合超市(臺東店) | D55: 15 | E55: 3 | F55: 3 | H55: 3 | I55: 3 | K55: 3 | L55: 3
A56: 501501059 | B56: 台東市 | C56: 寶桑里活動中心 | D56: 22 | E56: 5 | F56: 10 | G56: 10 | H56: 5 | I56: 10 | J56: 10 | K56: 4 | L56: 6
A57: 501501060 | B57: 台東市 | C57: 臺東市豐田國民小學 | D57: 20 | E57: 4 | F57: 4 | H57: 4 | I57: 4 | K57: 4 | L57: 4
A58: 501501061 | B58: 台東市 | C58: 自強公園 | D58: 20 | E58: 3 | F58: 3 | H58: 3 | I58: 3 | K58: 3 | L58: 3
A59: 501501062 | B59: 台東市 | C59: 臺東市東海國民小學 | D59: 18 | E59: 3 | F59: 3 | H59: 3 | I59: 3 | K59: 3 | L59: 3
A60: 501501063 | B60: 台東市 | C60: 榮民總醫院更生院區 | D60: 20 | E60: 2 | F60: 5 | H60: 2 | I60: 5 | K60: 2 | L60: 2
A61: 501501064 | B61: 台東市 | C61: 東方大鎮鐵馬道 | D61: 19 | E61: 4 | F61: 8 | H61: 4 | I61: 8 | K61: 3 | L61: 3
A62: 501501065 | B62: 台東市 | C62: 更生北路384巷與永安街口 | D62: 25 | E62: 3 | F62: 7 | H62: 2 | I62: 7 | K62: 2 | L62: 3
A63: 501501066 | B63: 台東市 | C63: 東立羽球館 | D63: 21 | E63: 2 | F63: 4 | H63: 2 | I63: 2 | K63: 2 | L63: 2
A64: 501501069 | B64: 台東市 | C64: 立麗大酒店 | D64: 15 | E64: 4 | F64: 0 | H64: 4 | I64: 0 | K64: 4 | L64: 0
A65: 501501070 | B65: 台東市 | C65: 大橋部落聚會所 | D65: 16 | E65: 3 | F65: 2 | H65: 3 | I65: 2 | K65: 3 | L65: 2
A66: 501501071 | B66: 台東市 | C66: 興安路二段與樂利路口 | D66: 20 | E66: 5 | F66: 5 | H66: 5 | I66: 5 | K66: 5 | L66: 5
A67: 501501072 | B67: 台東市 | C67: 知本代天府 | D67: 20 | E67: 4 | F67: 0 | H67: 4 | I67: 0 | K67: 4 | L67: 0
A68: 501501074 | B68: 台東市 | C68: 富岡地質公園 | D68: 30 | E68: 3 | F68: 2 | H68: 3 | I68: 2 | K68: 3 | L68: 2
... A87: 501502001 | B87: 卑南鄉 | C87: 卑南遊客中心 | D87: 16 | E87: 4 | F87: 2 | H87: 4 | I87: 2 | K87: 4 | L87: 2
D88: =SUM(D2:D86) -> 1870 | E88: =SUM(E2:E86) -> 313 | F88: =SUM(F2:F86) -> 386 | G88: =SUM(G2:G86) -> 10 | H88: =SUM(H2:H86) -> 300 | I88: =SUM(I2:I86) -> 389 | J88: =SUM(J2:J86) -> 10 | K88: =SUM(K2:K86) -> 287 | ... M88: =SUM(M2:M86) -> 0

Sheet D2暑假
A1: D2 | B1: 行政區 | C1: 場站名稱 | D1: 合約柱數 | E1: 夜班配置(暑假) | G1: 2.0綁車 | H1: 早班配置(暑假) | J1: 2.0綁車 | K1: 晚班配置(暑假) | M1: 2.0綁車
A2: 501502003 | B2: 卑南鄉 | C2: 卑南鄉老人文康中心 | D2: 15 | E2: 5 | F2: 5 | H2: 5 | I2: 5 | K2: 5 | L2: 5
A3: 501503001 | B3: 鹿野鄉 | C3: 瑞源車站 | D3: 20 | E3: 3 | F3: 5 | H3: 3 | I3: 5 | K3: 3 | L3: 5
A4: 501503002 | B4: 鹿野鄉 | C4: 永安農產品銷售中心 | D4: 23 | E4: 5 | F4: 5 | H4: 5 | I4: 5 | K4: 5 | L4: 5
A5: 501503003 | B5: 鹿野鄉 | C5: 龍田大草坪 | D5: 30 | E5: 5 | F5: 10 | H5: 5 | I5: 10 | K5: 5 | L5: 10
A6: 501503004 | B6: 鹿野鄉 | C6: 鹿野車站 | D6: 49 | E6: 5 | F6: 15 | H6: 5 | I6: 15 | K6: 5 | L6: 15
A7: 501503005 | B7: 鹿野鄉 | C7: 福鹿山休閒農莊 | D7: 22 | E7: 5 | F7: 7 | H7: 5 | I7: 7 | K7: 5 | L7: 7
A8: 501503006 | B8: 鹿野鄉 | C8: 鹿野地區農會 | D8: 24 | E8: 5 | F8: 7 | H8: 5 | I8: 7 | K8: 5 | L8: 7
A9: 501503007 | B9: 鹿野鄉 | C9: 龍田老人會館 | D9: 20 | E9: 3 | F9: 7 | H9: 3 | I9: 7 | K9: 3 | L9: 7
A10: 501503008 | B10: 鹿野鄉 | C10: 永安環教中心 | D10: 20 | E10: 3 | F10: 7 | H10: 3 | I10: 7 | K10: 3 | L10: 7
A11: 501504001 | B11: 關山鎮 | C11: 關山車站 | D11: 60 | E11: 10 | F11: 20 | H11: 10 | I11: 20 | K11: 10 | L11: 20
A12: 501504003 | B12: 關山鎮 | C12: 米國學校 | D12: 20 | E12: 3 | F12: 10 | H12: 3 | I12: 10 | K12: 3 | L12: 10
A13: 501504004 | B13: 關山鎮 | C13: 關山工商 | D13: 30 | E13: 5 | F13: 10 | H13: 5 | I13: 10 | K13: 5 | L13: 10
... A15: 501504006 | B15: 關山鎮 | C15: 關山國小 | D15: 20 | E15: 4 | F15: 8 | H15: 4 | I15: 8 | K15: 4 | L15: 8
D61: =SUM(D2:D60) -> 373 | E61: =SUM(E2:E60) -> 64 | F61: =SUM(F2:F60) -> 127 | G61: =SUM(G2:G60) -> 0 | H61: =SUM(H2:H60) -> 64 | I61: =SUM(I2:I60) -> 127 | J61: =SUM(J2:J60) -> 0 | K61: =SUM(K2:K60) -> 64 | ... M61: =SUM(M2:M60) -> 0

Sheet D3暑假
A1: D3 | B1: 行政區 | C1: 場站名稱 | D1: 合約柱數 | E1: 夜班配置(暑假) | G1: 2.0綁車 | H1: 早班配置(暑假) | J1: 2.0綁車 | K1: 晚班配置(暑假) | M1: 2.0綁車
A2: 501502005 | B2: 卑南鄉 | C2: 富山護漁區 | D2: 15 | E2: 3 | F2: 4 | H2: 3 | I2: 4 | K2: 3 | L2: 4
D61: =SUM(D2:D60) -> 15 | E61: =SUM(E2:E60) -> 3 | F61: =SUM(F2:F60) -> 4 | G61: =SUM(G2:G60) -> 0 | H61: =SUM(H2:H60) -> 3 | I61: =SUM(I2:I60) -> 4 | J61: =SUM(J2:J60) -> 0 | K61: =SUM(K2:K60) -> 3 | ... M61: =SUM(M2:M60) -> 0

Sheet D1寒假 2026新213
A1: D1 | B1: 行政區 | C1: 場站名稱 | D1: 合約柱數 | E1: 夜班配置(寒假) | G1: 2.0綁車 | H1: 早班配置(寒假) | J1: 2.0綁車 | K1: 晚班配置(寒假) | M1: 2.0綁車
A2: 501501001 | B2: 台東市 | C2: 臺東縣政府文化處圖書館 | D2: 55 | E2: 5 | F2: 10 | H2: 2 | I2: 8 | K2: 2 | L2: 8
A3: 501501002 | B3: 台東市 | C3: 臺東轉運站 | D3: 60 | E3: 5 | F3: 20 | H3: 5 | I3: 20 | K3: 5 | L3: 20
A4: 501501003 | B4: 台東市 | C4: 臺東市公所 | D4: 20 | E4: 3 | F4: 7 | H4: 3 | I4: 7 | K4: 3 | L4: 7
A5: 501501004 | B5: 台東市 | C5: 臺東縣政府 | D5: 25 | E5: 3 | F5: 7 | H5: 2 | I5: 7 | K5: 2 | L5: 7
A6: 501501006 | B6: 台東市 | C6: 微光市集 | D6: 30 | E6: 5 | F6: 5 | H6: 5 | I6: 5 | K6: 5 | L6: 5
A7: 501501008 | B7: 台東市 | C7: 臺東縣立體育場 | D7: 20 | E7: 4 | F7: 4 | H7: 2 | I7: 3 | K7: 2 | L7: 3
A8: 501501009 | B8: 台東市 | C8: 東海國宅 | D8: 17 | E8: 5 | F8: 5 | H8: 5 | I8: 5 | K8: 2 | L8: 3
A9: 501501010 | B9: 台東市 | C9: 東海運動公園 | D9: 15 | E9: 4 | F9: 4 | H9: 2 | I9: 4 | K9: 2 | L9: 3
A10: 501501011 | B10: 台東市 | C10: 臺東火車站 | D10: 50 | E10: 0 | F10: 30 | G10: 20 | H10: 10 | I10: 20 | K10: 10 | L10: 20
A11: 501501012 | B11: 台東市 | C11: 臺東棒球村第一棒球場 | D11: 20 | E11: 6 | F11: 6 | H11: 6 | I11: 6 | K11: 2 | L11: 4
A12: 501501013 | B12: 台東市 | C12: 寶桑國中活動中心 | D12: 15 | E12: 3 | F12: 3 | H12: 3 | I12: 3 | K12: 3 | L12: 3
A13: 501501014 | B13: 台東市 | C13: 生日蛋糕公園 | D13: 18 | E13: 3 | F13: 3 | H13: 4 | I13: 4 | K13: 4 | L13: 4
A14: 501501015 | B14: 台東市 | C14: 國立臺東女子高級中學 | D14: 39 | E14: 4 | F14: 4 | H14: 4 | I14: 4 | K14: 3 | L14: 3
A15: 501501016 | B15: 台東市 | C15: 仁義北路與豐里橋交叉口 | D15: 20 | E15: 3 | F15: 5 | H15: 3 | I15: 5 | K15: 3 | L15: 3
A16: 501501017 | B16: 台東市 | C16: 臺東公園 | D16: 20 | E16: 6 | F16: 0 | H16: 6 | I16: 0 | K16: 6 | L16: 0
A17: 501501018 | B17: 台東市 | C17: 兒福聯盟臺東工作站 | D17: 27 | E17: 5 | F17: 7 | H17: 5 | I17: 7 | K17: 2 | L17: 7
A18: 501501019 | B18: 台東市 | C18: 國立臺東高級商業職業學校 | D18: 15 | E18: 3 | F18: 3 | H18: 3 | I18: 3 | K18: 3 | L18: 3
A19: 501501021 | B19: 台東市 | C19: 寶桑國小 | D19: 15 | E19: 4 | F19: 4 | H19: 4 | I19: 4 | K19: 4 | L19: 4
A20: 501501022 | B20: 台東市 | C20: 臺東縣環境保護局 | D20: 15 | E20: 4 | F20: 4 | H20: 4 | I20: 4 | K20: 4 | L20: 4
A21: 501501023 | B21: 台東市 | C21: 臺東市漢中街公園 | D21: 12 | E21: 3 | F21: 3 | H21: 2 | I21: 3 | K21: 2 | L21: 3
A22: 501501024 | B22: 台東市 | C22: 臺東聖母醫院 | D22: 18 | E22: 4 | F22: 4 | H22: 4 | I22: 4 | K22: 4 | L22: 4
... A55: 501501058 | B55: 台東市 | C55: 統冠聯合超市(臺東店) | D55: 15 | E55: 3 | F55: 3 | H55: 3 | I55: 3 | K55: 3 | L55: 3
A56: 501501059 | B56: 台東市 | C56: 寶桑里活動中心 | D56: 22 | E56: 5 | F56: 10 | G56: 10 | H56: 5 | I56: 10 | J56: 10 | K56: 4 | L56: 6
A57: 501501060 | B57: 台東市 | C57: 臺東市豐田國民小學 | D57: 20 | E57: 4 | F57: 4 | H57: 4 | I57: 4 | K57: 4 | L57: 4
A58: 501501061 | B58: 台東市 | C58: 自強公園 | D58: 20 | E58: 3 | F58: 3 | H58: 3 | I58: 3 | K58: 3 | L58: 3
A59: 501501062 | B59: 台東市 | C59: 臺東市東海國民小學 | D59: 18 | E59: 3 | F59: 3 | H59: 3 | I59: 3 | K59: 3 | L59: 3
A60: 501501063 | B60: 台東市 | C60: 榮民總醫院更生院區 | D60: 20 | E60: 2 | F60: 5 | H60: 2 | I60: 5 | K60: 2 | L60: 2
A61: 501501064 | B61: 台東市 | C61: 東方大鎮鐵馬道 | D61: 19 | E61: 4 | F61: 6 | H61: 4 | I61: 6 | K61: 3 | L61: 3
A62: 501501065 | B62: 台東市 | C62: 更生北路384巷與永安街口 | D62: 25 | E62: 3 | F62: 7 | H62: 2 | I62: 7 | K62: 2 | L62: 3
A63: 501501066 | B63: 台東市 | C63: 東立羽球館 | D63: 21 | E63: 2 | F63: 4 | H63: 2 | I63: 2 | K63: 2 | L63: 2
A64: 501501069 | B64: 台東市 | C64: 立麗大酒店 | D64: 15 | E64: 4 | F64: 0 | H64: 4 | I64: 0 | K64: 4 | L64: 0
A65: 501501070 | B65: 台東市 | C65: 大橋部落聚會所 | D65: 16 | E65: 3 | F65: 2 | H65: 3 | I65: 2 | K65: 3 | L65: 2
A66: 501501071 | B66: 台東市 | C66: 興安路二段與樂利路口 | D66: 20 | E66: 5 | F66: 5 | H66: 5 | I66: 5 | K66: 5 | L66: 5
A67: 501501072 | B67: 台東市 | C67: 知本代天府 | D67: 20 | E67: 4 | F67: 0 | H67: 4 | I67: 0 | K67: 4 | L67: 0
A68: 501501074 | B68: 台東市 | C68: 富岡地質公園 | D68: 30 | E68: 3 | F68: 2 | H68: 3 | I68: 2 | K68: 3 | L68: 2
... A87: 501502001 | B87: 卑南鄉 | C87: 卑南遊客中心 | D87: 16 | E87: 4 | F87: 2 | H87: 4 | I87: 2 | K87: 4 | L87: 2
D88: =SUM(D2:D86) -> 1870 | E88: =SUM(E2:E86) -> 303 | F88: =SUM(F2:F86) -> 396 | G88: =SUM(G2:G86) -> 30 | H88: =SUM(H2:H86) -> 300 | I88: =SUM(I2:I86) -> 381 | J88: =SUM(J2:J86) -> 10 | K88: =SUM(K2:K86) -> 287 | ... M88: =SUM(M2:M86) -> 0

Sheet D2、D3寒假
A1: D2 | B1: 行政區 | C1: 場站名稱 | D1: 合約柱數 | E1: 夜班配置(寒假) | G1: 2.0綁車 | H1: 早班配置(寒假) | J1: 2.0綁車 | K1: 晚班配置(寒假) | M1: 2.0綁車
A2: 501502003 | B2: 卑南鄉 | C2: 卑南鄉老人文康中心 | D2: 15 | E2: 4 | F2: 0 | H2: 4 | I2: 0 | K2: 4 | L2: 0
A3: 501503001 | B3: 鹿野鄉 | C3: 瑞源車站 | D3: 20 | E3: 5 | F3: 0 | H3: 5 | I3: 0 | K3: 5 | L3: 0
A4: 501503002 | B4: 鹿野鄉 | C4: 永安農產品銷售中心 | D4: 23 | E4: 6 | F4: 0 | H4: 6 | I4: 0 | K4: 6 | L4: 0
A5: 501503003 | B5: 鹿野鄉 | C5: 龍田大草坪 | D5: 30 | E5: 8 | F5: 0 | H5: 8 | I5: 0 | K5: 8 | L5: 0
A6: 501503004 | B6: 鹿野鄉 | C6: 鹿野車站 | D6: 49 | E6: 4 | F6: 8 | H6: 4 | I6: 8 | K6: 4 | L6: 8
A7: 501503005 | B7: 鹿野鄉 | C7: 福鹿山休閒農莊 | D7: 22 | E7: 5 | F7: 5 | H7: 5 | I7: 5 | K7: 5 | L7: 5
A8: 501503006 | B8: 鹿野鄉 | C8: 鹿野地區農會 | D8: 24 | E8: 4 | F8: 0 | H8: 4 | I8: 0 | K8: 4 | L8: 0
A9: 501503007 | B9: 鹿野鄉 | C9: 龍田老人會館 | D9: 20 | E9: 5 | F9: 0 | H9: 5 | I9: 0 | K9: 5 | L9: 0
A10: 501503008 | B10: 鹿野鄉 | C10: 永安環教中心 | D10: 20 | E10: 6 | F10: 0 | H10: 6 | I10: 0 | K10: 6 | L10: 0
A11: 501504001 | B11: 關山鎮 | C11: 關山車站 | D11: 60 | E11: 8 | F11: 22 | H11: 8 | I11: 22 | K11: 8 | L11: 22
A12: 501504003 | B12: 關山鎮 | C12: 米國學校 | D12: 20 | E12: 3 | F12: 5 | H12: 5 | I12: 5 | K12: 3 | L12: 5
A13: 501504004 | B13: 關山鎮 | C13: 關山工商 | D13: 30 | E13: 4 | F13: 4 | H13: 4 | I13: 4 | K13: 4 | L13: 4
... A23: 501505007 | B23: 池上鄉 | C23: 日暉國際渡假村 | D23: 30 | E23: 11 | F23: 5 | H23: 11 | I23: 5 | K23: 11 | L23: 5
C24: 池上維調 | D24: 0 | E24: 5 | F24: 15 | H24: 5 | I24: 15 | K24: 5 | L24: 15
D66: =SUM(D2:D65) -> 631 | E66: =SUM(E2:E65) -> 153 | F66: =SUM(F2:F65) -> 107 | G66: =SUM(G2:G65) -> 0 | H66: =SUM(H2:H65) -> 149 | I66: =SUM(I2:I65) -> 108 | J66: =SUM(J2:J65) -> 0 | K66: =SUM(K2:K65) -> 147 | ... M66: =SUM(M2:M65) -> 0
A69: D3 | B69: 行政區 | C69: 場站名稱 | D69: 合約柱數 | E69: 夜班配置(寒假) | G69: 2.0綁車 | H69: 早班配置(寒假) | J69: 2.0綁車 | K69: 晚班配置(寒假) | M69: 2.0綁車
A70: 501502005 | B70: 卑南鄉 | C70: 富山護漁區 | D70: 15 | E70: 4 | F70: 0 | H70: 4 | I70: 0 | K70: 4 | L70: 0
A71: 501506001 | B71: 成功鎮 | C71: 成功漁港 | D71: 15 | E71: 8 | F71: 0 | H71: 8 | I71: 0 | K71: 8 | L71: 0
A72: 501506002 | B72: 成功鎮 | C72: 成功鎮公所 | D72: 20 | E72: 5 | F72: 5 | H72: 5 | I72: 5 | K72: 5 | L72: 5
A73: 501506003 | B73: 成功鎮 | C73: 成功豆花 | D73: 20 | E73: 5 | F73: 5 | H73: 5 | I73: 5 | K73: 5 | L73: 5
A74: 501506005 | B74: 成功鎮 | C74: 東管處停車場 | D74: 24 | E74: 8 | F74: 0 | H74: 8 | I74: 0 | K74: 8 | L74: 0
A75: 501506006 | B75: 成功鎮 | C75: 三仙台 | D75: 30 | E75: 12 | F75: 0 | H75: 12 | I75: 0 | K75: 12 | L75: 0
A76: 501506007 | B76: 成功鎮 | C76: 成功海濱公園 | D76: 30 | E76: 5 | F76: 5 | H76: 5 | I76: 5 | K76: 5 | L76: 5
A77: 501509001 | B77: 東河鄉 | C77: 都蘭舊糖廠 | D77: 28 | E77: 5 | F77: 6 | H77: 5 | I77: 6 | K77: 5 | L77: 6
A78: 501509002 | B78: 東河鄉 | C78: 東河消防隊 | D78: 20 | E78: 4 | F78: 0 | H78: 4 | I78: 0 | K78: 4 | L78: 0
A79: 501506004 | B79: 成功鎮 | C79: 成功消防隊 | D79: 28 | E79: 6 | F79: 6 | H79: 6 | I79: 6 | K79: 6 | L79: 6
D80: =SUM(D70:D78) -> 202 | E80: =SUM(E70:E78) -> 56 | F80: =SUM(F70:F78) -> 21 | G80: =SUM(G70:G78) -> 0 | H80: =SUM(H70:H78) -> 56 | I80: =SUM(I70:I78) -> 21 | J80: =SUM(J70:J78) -> 0 | K80: =SUM(K70:K78) -> 56 | ... M80: =SUM(M70:M78) -> 0

Sheet D2、D3寒假 0128
A1: D2 | B1: 行政區 | C1: 場站名稱 | D1: 合約柱數 | E1: 夜班配置(寒假) | G1: 2.0綁車 | H1: 早班配置(寒假) | J1: 2.0綁車 | K1: 晚班配置(寒假) | M1: 2.0綁車
A2: 501502003 | B2: 卑南鄉 | C2: 卑南鄉老人文康中心 | D2: 15 | E2: 4 | F2: 0 | H2: 4 | I2: 0 | K2: 4 | L2: 0
A3: 501503001 | B3: 鹿野鄉 | C3: 瑞源車站 | D3: 20 | E3: 5 | F3: 0 | H3: 5 | I3: 0 | K3: 5 | L3: 0
A4: 501503002 | B4: 鹿野鄉 | C4: 永安農產品銷售中心 | D4: 23 | E4: 6 | F4: 0 | H4: 6 | I4: 0 | K4: 6 | L4: 0
A5: 501503003 | B5: 鹿野鄉 | C5: 龍田大草坪 | D5: 30 | E5: 8 | F5: 0 | H5: 8 | I5: 0 | K5: 8 | L5: 0
A6: 501503004 | B6: 鹿野鄉 | C6: 鹿野車站 | D6: 49 | E6: 4 | F6: 8 | H6: 4 | I6: 8 | K6: 4 | L6: 8
A7: 501503005 | B7: 鹿野鄉 | C7: 福鹿山休閒農莊 | D7: 22 | E7: 5 | F7: 5 | H7: 5 | I7: 5 | K7: 5 | L7: 5
A8: 501503006 | B8: 鹿野鄉 | C8: 鹿野地區農會 | D8: 24 | E8: 4 | F8: 0 | H8: 4 | I8: 0 | K8: 4 | L8: 0
A9: 501503007 | B9: 鹿野鄉 | C9: 龍田老人會館 | D9: 20 | E9: 5 | F9: 0 | H9: 5 | I9: 0 | K9: 5 | L9: 0
A10: 501503008 | B10: 鹿野鄉 | C10: 永安環教中心 | D10: 20 | E10: 6 | F10: 0 | H10: 6 | I10: 0 | K10: 6 | L10: 0
A11: 501504001 | B11: 關山鎮 | C11: 關山車站 | D11: 60 | E11: 8 | F11: 22 | H11: 8 | I11: 22 | K11: 5 | L11: 15
A12: 501504003 | B12: 關山鎮 | C12: 米國學校 | D12: 20 | E12: 3 | F12: 7 | H12: 3 | I12: 5 | K12: 3 | L12: 3
A13: 501504004 | B13: 關山鎮 | C13: 關山工商 | D13: 30 | E13: 4 | F13: 5 | H13: 4 | I13: 5 | K13: 3 | L13: 3
... A23: 501505007 | B23: 池上鄉 | C23: 日暉國際渡假村 | D23: 30 | E23: 11 | F23: 7 | H23: 11 | I23: 7 | K23: 5 | L23: 3
D65: =SUM(D2:D64) -> 631 | E65: =SUM(E2:E64) -> 151 | F65: =SUM(F2:F64) -> 107 | G65: =SUM(G2:G64) -> 0 | H65: =SUM(H2:H64) -> 139 | I65: =SUM(I2:I64) -> 102 | J65: =SUM(J2:J64) -> 0 | K65: =SUM(K2:K64) -> 99 | ... M65: =SUM(M2:M64) -> 0
A68: D3 | B68: 行政區 | C68: 場站名稱 | D68: 合約柱數 | E68: 夜班配置(寒假) | G68: 2.0綁車 | H68: 早班配置(寒假) | J68: 2.0綁車 | K68: 晚班配置(寒假) | M68: 2.0綁車
A69: 501502005 | B69: 卑南鄉 | C69: 富山護漁區 | D69: 15 | E69: 4 | F69: 0 | H69: 4 | I69: 0 | K69: 4 | L69: 0
A70: 501506001 | B70: 成功鎮 | C70: 成功漁港 | D70: 15 | E70: 8 | F70: 0 | H70: 8 | I70: 0 | K70: 8 | L70: 0
A71: 501506002 | B71: 成功鎮 | C71: 成功鎮公所 | D71: 20 | E71: 5 | F71: 5 | H71: 5 | I71: 5 | K71: 5 | L71: 5
A72: 501506003 | B72: 成功鎮 | C72: 成功豆花 | D72: 20 | E72: 5 | F72: 5 | H72: 5 | I72: 5 | K72: 5 | L72: 5
A73: 501506005 | B73: 成功鎮 | C73: 東管處停車場 | D73: 24 | E73: 8 | F73: 0 | H73: 8 | I73: 0 | K73: 8 | L73: 0
A74: 501506006 | B74: 成功鎮 | C74: 三仙台 | D74: 30 | E74: 12 | F74: 0 | H74: 12 | I74: 0 | K74: 12 | L74: 0
A75: 501506007 | B75: 成功鎮 | C75: 成功海濱公園 | D75: 30 | E75: 5 | F75: 5 | H75: 5 | I75: 5 | K75: 5 | L75: 5
A76: 501509001 | B76: 東河鄉 | C76: 都蘭舊糖廠 | D76: 28 | E76: 5 | F76: 6 | H76: 5 | I76: 6 | K76: 5 | L76: 6
A77: 501509002 | B77: 東河鄉 | C77: 東河消防隊 | D77: 20 | E77: 4 | F77: 0 | H77: 4 | I77: 0 | K77: 4 | L77: 0
A78: 501506004 | B78: 成功鎮 | C78: 成功消防隊 | D78: 28 | E78: 6 | F78: 6 | H78: 6 | I78: 6 | K78: 6 | L78: 6
D79: =SUM(D69:D77) -> 202 | E79: =SUM(E69:E77) -> 56 | F79: =SUM(F69:F77) -> 21 | G79: =SUM(G69:G77) -> 0 | H79: =SUM(H69:H77) -> 56 | I79: =SUM(I69:I77) -> 21 | J79: =SUM(J69:J77) -> 0 | K79: =SUM(K69:K77) -> 56 | ... M79: =SUM(M69:M77) -> 0

Sheet D2、D3寒假 0204修訂
A1: D2 | B1: 行政區 | C1: 場站名稱 | D1: 合約柱數 | E1: 夜班配置(寒假) | G1: 2.0綁車 | H1: 早班配置(寒假) | J1: 2.0綁車 | K1: 晚班配置(寒假) | M1: 2.0綁車
A2: 501502003 | B2: 卑南鄉 | C2: 卑南鄉老人文康中心 | D2: 15 | E2: 4 | F2: 0 | H2: 4 | I2: 0 | K2: 4 | L2: 0
A3: 501503001 | B3: 鹿野鄉 | C3: 瑞源車站 | D3: 20 | E3: 5 | F3: 0 | H3: 5 | I3: 0 | K3: 5 | L3: 0
A4: 501503002 | B4: 鹿野鄉 | C4: 永安農產品銷售中心 | D4: 23 | E4: 6 | F4: 0 | H4: 6 | I4: 0 | K4: 6 | L4: 0
A5: 501503003 | B5: 鹿野鄉 | C5: 龍田大草坪 | D5: 30 | E5: 8 | F5: 0 | H5: 8 | I5: 0 | K5: 8 | L5: 0
A6: 501503004 | B6: 鹿野鄉 | C6: 鹿野車站 | D6: 49 | E6: 4 | F6: 8 | H6: 4 | I6: 8 | K6: 4 | L6: 8
A7: 501503005 | B7: 鹿野鄉 | C7: 福鹿山休閒農莊 | D7: 22 | E7: 5 | F7: 5 | H7: 5 | I7: 5 | K7: 5 | L7: 5
A8: 501503006 | B8: 鹿野鄉 | C8: 鹿野地區農會 | D8: 24 | E8: 4 | F8: 0 | H8: 4 | I8: 0 | K8: 4 | L8: 0
A9: 501503007 | B9: 鹿野鄉 | C9: 龍田老人會館 | D9: 20 | E9: 5 | F9: 5 | H9: 5 | I9: 5 | K9: 5 | L9: 5
A10: 501503008 | B10: 鹿野鄉 | C10: 永安環教中心 | D10: 20 | E10: 6 | F10: 0 | H10: 6 | I10: 0 | K10: 6 | L10: 0
A11: 501504001 | B11: 關山鎮 | C11: 關山車站 | D11: 60 | E11: 8 | F11: 21 | H11: 8 | I11: 21 | K11: 5 | L11: 15
A12: 501504003 | B12: 關山鎮 | C12: 米國學校 | D12: 20 | E12: 3 | F12: 2 | H12: 3 | I12: 2 | K12: 3 | L12: 2
A13: 501504004 | B13: 關山鎮 | C13: 關山工商 | D13: 30 | E13: 4 | F13: 2 | H13: 4 | I13: 2 | K13: 2 | L13: 2
... A23: 501505007 | B23: 池上鄉 | C23: 日暉國際渡假村 | D23: 30 | E23: 11 | F23: 7 | H23: 11 | I23: 7 | K23: 5 | L23: 3
D65: =SUM(D2:D64) -> 631 | E65: =SUM(E2:E64) -> 157 | F65: =SUM(F2:F64) -> 99 | G65: =SUM(G2:G64) -> 0 | H65: =SUM(H2:H64) -> 149 | I65: =SUM(I2:I64) -> 100 | J65: =SUM(J2:J64) -> 0 | K65: =SUM(K2:K64) -> 112 | ... M65: =SUM(M2:M64) -> 0
A68: D3 | B68: 行政區 | C68: 場站名稱 | D68: 合約柱數 | E68: 夜班配置(寒假) | G68: 2.0綁車 | H68: 早班配置(寒假) | J68: 2.0綁車 | K68: 晚班配置(寒假) | M68: 2.0綁車
A69: 501502005 | B69: 卑南鄉 | C69: 富山護漁區 | D69: 15 | E69: 4 | F69: 0 | H69: 4 | I69: 0 | K69: 4 | L69: 0
A70: 501506001 | B70: 成功鎮 | C70: 成功漁港 | D70: 15 | E70: 8 | F70: 0 | H70: 8 | I70: 0 | K70: 8 | L70: 0
A71: 501506002 | B71: 成功鎮 | C71: 成功鎮公所 | D71: 20 | E71: 5 | F71: 5 | H71: 5 | I71: 5 | K71: 5 | L71: 5
A72: 501506003 | B72: 成功鎮 | C72: 成功豆花 | D72: 20 | E72: 5 | F72: 5 | H72: 5 | I72: 5 | K72: 5 | L72: 5
A73: 501506005 | B73: 成功鎮 | C73: 東管處停車場 | D73: 24 | E73: 8 | F73: 0 | H73: 8 | I73: 0 | K73: 8 | L73: 0
A74: 501506006 | B74: 成功鎮 | C74: 三仙台 | D74: 30 | E74: 12 | F74: 0 | H74: 12 | I74: 0 | K74: 12 | L74: 0
A75: 501506007 | B75: 成功鎮 | C75: 成功海濱公園 | D75: 30 | E75: 5 | F75: 5 | H75: 5 | I75: 5 | K75: 5 | L75: 5
A76: 501509001 | B76: 東河鄉 | C76: 都蘭舊糖廠 | D76: 28 | E76: 5 | F76: 6 | H76: 5 | I76: 6 | K76: 5 | L76: 6
A77: 501509002 | B77: 東河鄉 | C77: 東河消防隊 | D77: 20 | E77: 4 | F77: 0 | H77: 4 | I77: 0 | K77: 4 | L77: 0
A78: 501506004 | B78: 成功鎮 | C78: 成功消防隊 | D78: 28 | E78: 6 | F78: 6 | H78: 6 | I78: 6 | K78: 6 | L78: 6
D79: =SUM(D69:D77) -> 202 | E79: =SUM(E69:E77) -> 56 | F79: =SUM(F69:F77) -> 21 | G79: =SUM(G69:G77) -> 0 | H79: =SUM(H69:H77) -> 56 | I79: =SUM(I69:I77) -> 21 | J79: =SUM(J69:J77) -> 0 | K79: =SUM(K69:K77) -> 56 | ... M79: =SUM(M69:M77) -> 0

Sheet 「「D2平日」修訂版0113」
A1: D2 | B1: 行政區 | C1: 場站名稱 | D1: 合約柱數 | E1: 夜班配置(平日) | G1: 2.0綁車 | H1: 早班配置(平日) | J1: 2.0綁車 | K1: 晚班配置(平日) | M1: 2.0綁車
A2: 501502003 | B2: 卑南鄉 | C2: 卑南鄉老人文康中心 | D2: 15 | E2: 4 | F2: 0 | H2: 4 | I2: 0 | K2: 4 | L2: 0
A3: 501503001 | B3: 鹿野鄉 | C3: 瑞源車站 | D3: 20 | E3: 5 | F3: 0 | H3: 5 | I3: 0 | K3: 5 | L3: 0
A4: 501503002 | B4: 鹿野鄉 | C4: 永安農產品銷售中心 | D4: 23 | E4: 6 | F4: 0 | H4: 6 | I4: 0 | K4: 6 | L4: 0
A5: 501503003 | B5: 鹿野鄉 | C5: 龍田大草坪 | D5: 30 | E5: 8 | F5: 0 | H5: 8 | I5: 0 | K5: 8 | L5: 0
A6: 501503004 | B6: 鹿野鄉 | C6: 鹿野車站 | D6: 49 | E6: 4 | F6: 8 | H6: 4 | I6: 8 | K6: 4 | L6: 8
A7: 501503005 | B7: 鹿野鄉 | C7: 福鹿山休閒農莊 | D7: 22 | E7: 5 | F7: 5 | H7: 5 | I7: 5 | K7: 5 | L7: 5
A8: 501503006 | B8: 鹿野鄉 | C8: 鹿野地區農會 | D8: 24 | E8: 4 | F8: 0 | H8: 4 | I8: 0 | K8: 4 | L8: 0
A9: 501503007 | B9: 鹿野鄉 | C9: 龍田老人會館 | D9: 20 | E9: 5 | F9: 0 | H9: 5 | I9: 0 | K9: 5 | L9: 0
A10: 501503008 | B10: 鹿野鄉 | C10: 永安環教中心 | D10: 20 | E10: 6 | F10: 0 | H10: 6 | I10: 0 | K10: 6 | L10: 0
A11: 501504001 | B11: 關山鎮 | C11: 關山車站 | D11: 60 | E11: 8 | F11: 22 | H11: 8 | I11: 22 | K11: 8 | L11: 22
A12: 501504003 | B12: 關山鎮 | C12: 米國學校 | D12: 20 | E12: 3 | F12: 5 | H12: 5 | I12: 5 | K12: 3 | L12: 5
A13: 501504004 | B13: 關山鎮 | C13: 關山工商 | D13: 30 | E13: 5 | F13: 5 | H13: 5 | I13: 9 | K13: 5 | L13: 9
... A23: 501505007 | B23: 池上鄉 | C23: 日暉國際渡假村 | D23: 30 | E23: 13 | F23: 5 | H23: 13 | I23: 5 | K23: 13 | L23: 5
D65: =SUM(D2:D64) -> 631 | E65: =SUM(E2:E64) -> 143 | F65: =SUM(F2:F64) -> 83 | G65: =SUM(G2:G64) -> 0 | H65: =SUM(H2:H64) -> 145 | I65: =SUM(I2:I64) -> 95 | J65: =SUM(J2:J64) -> 0 | K65: =SUM(K2:K64) -> 143 | ... M65: =SUM(M2:M64) -> 0
A68: D3 | B68: 行政區 | C68: 場站名稱 | D68: 合約柱數 | E68: 夜班配置(平日) | G68: 2.0綁車 | H68: 早班配置(平日) | J68: 2.0綁車 | K68: 晚班配置(平日) | M68: 2.0綁車
A69: 501502005 | B69: 卑南鄉 | C69: 富山護漁區 | D69: 15 | E69: 4 | F69: 0 | H69: 4 | I69: 0 | K69: 4 | L69: 0
A70: 501506001 | B70: 成功鎮 | C70: 成功漁港 | D70: 15 | E70: 8 | F70: 0 | H70: 8 | I70: 0 | K70: 8 | L70: 0
A71: 501506002 | B71: 成功鎮 | C71: 成功鎮公所 | D71: 20 | E71: 5 | F71: 5 | H71: 5 | I71: 5 | K71: 5 | L71: 5
A72: 501506003 | B72: 成功鎮 | C72: 成功豆花 | D72: 20 | E72: 5 | F72: 5 | H72: 5 | I72: 5 | K72: 5 | L72: 5
A73: 501506005 | B73: 成功鎮 | C73: 東管處停車場 | D73: 24 | E73: 6 | F73: 0 | H73: 6 | I73: 0 | K73: 6 | L73: 0
A74: 501506006 | B74: 成功鎮 | C74: 三仙台 | D74: 30 | E74: 10 | F74: 0 | H74: 10 | I74: 0 | K74: 10 | L74: 0
A75: 501506007 | B75: 成功鎮 | C75: 成功海濱公園 | D75: 30 | E75: 5 | F75: 5 | H75: 5 | I75: 5 | K75: 5 | L75: 5
A76: 501509001 | B76: 東河鄉 | C76: 都蘭舊糖廠 | D76: 28 | E76: 5 | F76: 6 | H76: 5 | I76: 6 | K76: 5 | L76: 6
A77: 501509002 | B77: 東河鄉 | C77: 東河消防隊 | D77: 20 | E77: 4 | F77: 0 | H77: 4 | I77: 0 | K77: 4 | L77: 0
D78: =SUM(D69:D77) -> 202 | E78: =SUM(E69:E77) -> 52 | F78: =SUM(F69:F77) -> 21 | G78: =SUM(G69:G77) -> 0 | H78: =SUM(H69:H77) -> 52 | I78: =SUM(I69:I77) -> 21 | J78: =SUM(J69:J77) -> 0 | K78: =SUM(K69:K77) -> 52 | ... M78: =SUM(M69:M77) -> 0

Sheet D1寒假
B1: 行政 | C1: 場站名稱 | D1: 分區 | E1: 場站級別 | F1: 合約柱數 | G1: 夜班配置(平日) | I1: 早班配置(平日) | K1: 晚班配置(平日)
A2: 501501003 | B2: 台東市 | C2: 臺東市公所 | D2: D1 | F2: 20 | G2: 10 | I2: 10 | K2: 10
A3: 501501004 | B3: 台東市 | C3: 臺東縣政府 | D3: D1 | F3: 20 | G3: 10 | I3: 10 | K3: 10
A4: 501501002 | B4: 台東市 | C4: 臺東轉運站 | D4: D1 | F4: 60 | G4: 30 | I4: 15 | K4: 3
A5: 501501016 | B5: 台東市 | C5: 仁義北路與豐里橋交叉口 | D5: D1 | F5: 20 | G5: 3 | I5: 3 | K5: 3
A6: 501501017 | B6: 台東市 | C6: 臺東公園 | D6: D1 | F6: 20 | G6: 3 | I6: 3 | K6: 3
A7: 501501013 | B7: 台東市 | C7: 寶桑國中活動中心 | D7: D1 | F7: 15 | G7: 3 | I7: 3 | K7: 3
A8: 501501011 | B8: 台東市 | C8: 臺東火車站 | D8: D1 | F8: 50 | G8: 30 | I8: 25 | K8: 20
A9: 501501012 | B9: 台東市 | C9: 臺東棒球村第一棒球場 | D9: D1 | F9: 20 | G9: 3 | I9: 3 | K9: 3
A10: 501501014 | B10: 台東市 | C10: 生日蛋糕公園 | D10: D1 | F10: 18 | G10: 3 | I10: 3 | K10: 3
A11: 501501010 | B11: 台東市 | C11: 東海運動公園 | D11: D1 | F11: 15 | G11: 3 | I11: 3 | K11: 3
A12: 501501015 | B12: 台東市 | C12: 國立臺東女子高級中學 | D12: D1 | F12: 29 | G12: 5 | I12: 15 | K12: 10
A13: 501501008 | B13: 台東市 | C13: 臺東縣立體育場 | D13: D1 | F13: 20 | G13: 5 | I13: 3 | K13: 3
... A15: 501501019 | B15: 台東市 | C15: 國立臺東高級商業職業學校 | D15: D1 | F15: 15 | G15: 3 | I15: 10 | K15: 5
G20: =SUM(G2:G18) -> 121 | H20: =SUM(H2:H18) -> 0 | I20: =SUM(I2:I18) -> 111 | J20: =SUM(J2:J18) -> 0 | K20: =SUM(K2:K18) -> 84 | L20: =SUM(L2:L18) -> 0

Sheet 「D3平日」修訂版0109
A1: D3 | B1: 行政區 | C1: 場站名稱 | D1: 合約柱數 | E1: 夜班配置(平日) | G1: 2.0綁車 | H1: 早班配置(平日) | J1: 2.0綁車 | K1: 晚班配置(平日) | M1: 2.0綁車
A2: 501502005 | B2: 卑南鄉 | C2: 富山護漁區 | D2: 15 | E2: 4 | F2: 0 | H2: 4 | I2: 0 | K2: 4 | L2: 0
A3: 501506001 | B3: 成功鎮 | C3: 成功漁港 | D3: 15 | E3: 8 | F3: 0 | H3: 8 | I3: 0 | K3: 8 | L3: 0
A4: 501506002 | B4: 成功鎮 | C4: 成功鎮公所 | D4: 20 | E4: 5 | F4: 5 | H4: 5 | I4: 5 | K4: 5 | L4: 5
A5: 501506003 | B5: 成功鎮 | C5: 成功豆花 | D5: 20 | E5: 5 | F5: 5 | H5: 5 | I5: 5 | K5: 5 | L5: 5
A6: 501506005 | B6: 成功鎮 | C6: 東管處停車場 | D6: 24 | E6: 6 | F6: 0 | H6: 6 | I6: 0 | K6: 6 | L6: 0
A7: 501506006 | B7: 成功鎮 | C7: 三仙台 | D7: 30 | E7: 10 | F7: 0 | H7: 10 | I7: 0 | K7: 10 | L7: 0
A8: 501506007 | B8: 成功鎮 | C8: 成功海濱公園 | D8: 30 | E8: 5 | F8: 5 | H8: 5 | I8: 5 | K8: 5 | L8: 5
A9: 501506004 | B9: 成功鎮 | C9: 成功消防隊 | D9: 28 | E9: 6 | F9: 6 | H9: 6 | I9: 6 | K9: 6 | L9: 6
A10: 501509001 | B10: 東河鄉 | C10: 都蘭舊糖廠 | D10: 28 | E10: 5 | F10: 6 | H10: 5 | I10: 6 | K10: 5 | L10: 6
A11: 501509002 | B11: 東河鄉 | C11: 東河消防隊 | D11: 20 | E11: 4 | F11: 0 | H11: 4 | I11: 0 | K11: 4 | L11: 0
D62: =SUM(D2:D61) -> 230 | E62: =SUM(E2:E61) -> 58 | F62: =SUM(F2:F61) -> 27 | G62: =SUM(G2:G61) -> 0 | H62: =SUM(H2:H61) -> 58 | I62: =SUM(I2:I61) -> 27 | J62: =SUM(J2:J61) -> 0 | K62: =SUM(K2:K61) -> 58 | ... M62: =SUM(M2:M61) -> 0

Sheet 占比表
A1: D1 | H1: D3 | O1: 上線車數
A2: 班別/平假日 | B2: 總柱數 | C2: 配置車數 | D2: 綁車總數 | E2: 總車數 | H2: 班別/平假日 | I2: 總柱數 | J2: 配置車數 | K2: 綁車總數 | L2: 總車數 | O2: 1120
A3: 夜班平日2.0 | B3: ='「D1平日」修訂版0217'!D90 -> 1921 | C3: ='「D1平日」0307'!E90 -> 331 | D3: ='「D1平日」0307'!G90 -> 18 | E3: =sum(C3:D4) -> 741 | H3: 夜班平日2.0 | I3: ='「D2 D3平日」修訂版224'!D79 -> 202 | J3: ='「D2 D3平日」0307'!E79 -> 43 | K3: ='「D2 D3平日」0307'!G79 -> 0 | L3: =sum(J3:K4) -> 60
A4: 夜班平日2.E | C4: ='「D1平日」0307'!F90 -> 392 | H4: 夜班平日2.E | J4: ='「D2 D3平日」0307'!F79 -> 17
A5: 夜班假日2.0 | C5: ='「D1假日」0307'!E90 -> 309 | D5: ='「D1假日」0307'!G90 -> 15 | E5: =sum(C5:D6) -> 715 | H5: 夜班假日2.0 | J5: ='「D2 D3假日」修訂版0307'!E79 -> 49 | K5: ='D3假日'!G61 -> 0 | L5: =sum(J5:K6) -> 66
A6: 夜班假日2.E | C6: ='「D1假日」0307'!F90 -> 391 | H6: 夜班假日2.E | J6: ='「D2 D3假日」修訂版0307'!F79 -> 17
A7: 早班平日2.0 | C7: ='「D1平日」0307'!H90 -> 259 | D7: ='「D1平日」0307'!J90 -> 108 | E7: =sum(C7:D8) -> 749 | H7: 早班平日2.0 | J7: ='「D2 D3平日」0307'!H79 -> 43 | K7: ='「D2 D3平日」0307'!J79 -> 0 | L7: =sum(J7:K8) -> 60
A8: 早班平日2.E | C8: ='「D1平日」0307'!I90 -> 382 | H8: 早班平日2.E | J8: ='「D2 D3平日」0307'!I79 -> 17
A9: 早班假日2.0 | C9: ='「D1假日」0307'!H90 -> 298 | D9: ='「D1假日」0307'!J90 -> 12 | E9: =sum(C9:D10) -> 674 | H9: 早班假日2.0 | J9: ='「D2 D3假日」修訂版0307'!H79 -> 51 | K9: ='「D2 D3假日」修訂版0307'!J79 -> 0 | L9: =sum(J9:K10) -> 68
A10: 早班假日2.E | C10: ='「D1假日」0307'!I90 -> 364 | H10: 早班假日2.E | J10: ='「D2 D3假日」修訂版0307'!I79 -> 17
A11: 晚班平日2.0 | C11: ='「D1平日」0307'!K90 -> 262 | D11: ='「D1平日」0307'!M90 -> 108 | E11: =sum(C11:D12) -> 737 | H11: 晚班平日2.0 | J11: ='「D2 D3平日」0307'!K79 -> 43 | K11: ='「D2 D3平日」0307'!M79 -> 0 | L11: =sum(J11:K12) -> 60
A12: 晚班平日2.E | C12: ='「D1平日」0307'!L90 -> 367 | H12: 晚班平日2.E | J12: ='「D2 D3平日」0307'!L79 -> 17
A13: 晚班假日2.0 | C13: ='「D1假日」0307'!K90 -> 287 | D13: ='「D1假日」0307'!M90 -> 12 | E13: =sum(C13:D14) -> 634 | H13: 晚班假日2.0 | J13: ='「D2 D3假日」修訂版0307'!K79 -> 51 | K13: ='「D2 D3假日」修訂版0307'!M79 -> 0 | L13: =sum(J13:K14) -> 68
A14: 晚班假日2.E | C14: ='「D1假日」0307'!L90 -> 335 | H14: 晚班假日2.E | J14: ='「D2 D3假日」修訂版0307'!L79 -> 17
A18: D2
A19: 班別/平假日 | B19: 總柱數 | C19: 配置車數 | D19: 綁車總數 | E19: 總車數
A20: 夜班平日2.0 | B20: ='「D2 D3平日」修訂版224'!D65 -> 631 | C20: ='「D2 D3平日」0307'!E65 -> 156 | D20: ='「D2 D3平日」0307'!G65 -> 0 | E20: =sum(C20:D21) -> 259
A21: 夜班平日2.E | C21: ='「D2 D3平日」0307'!F65 -> 103
A22: 夜班假日2.0 | C22: ='「D2 D3假日」修訂版0307'!E65 -> 166 | D22: ='「D2 D3假日」修訂版0307'!G65 -> 0 | E22: =sum(C22:D23) -> 287
A23: 夜班假日2.E | C23: ='「D2 D3假日」修訂版0307'!F65 -> 121
A24: 早班平日2.0 | C24: ='「D2 D3平日」0307'!H65 -> 96 | D24: ='「D2 D3平日」0307'!J65 -> 0 | E24: =sum(C24:D25) -> 161
A25: 早班平日2.E | C25: ='「D2 D3平日」0307'!I65 -> 65
A26: 早班假日2.0 | C26: ='「D2 D3假日」修訂版0307'!H65 -> 99 | D26: ='「D2 D3假日」修訂版0307'!J65 -> 0 | E26: =sum(C26:D27) -> 171
A27: 早班假日2.E | C27: ='「D2 D3假日」修訂版0307'!I65 -> 72
A28: 晚班平日2.0 | C28: ='「D2 D3平日」0307'!K65 -> 94 | D28: ='「D2 D3平日」0307'!M65 -> 0 | E28: =sum(C28:D29) -> 156
A29: 晚班平日2.E | C29: ='「D2 D3平日」0307'!L65 -> 62
A30: 晚班假日2.0 | C30: ='「D2 D3假日」修訂版0307'!K65 -> 103 | D30: ='「D2 D3假日」修訂版0307'!M65 -> 0 | E30: =sum(C30:D31) -> 172
A31: 晚班假日2.E | C31: ='「D2 D3假日」修訂版0307'!L65 -> 69
A34: 總表
A35: 分區 | B35: 場柱總數 | C35: 平日配置車數 | D35: 假日配置車數 | E35: 平日綁車 | F35: 假日綁車 | G35: 配置車數占比
A36: D1(2.0) | B36: =B3 -> 1921 | C36: =C3 -> 331 | D36: =C5 -> 309 | E36: =D3 -> 18 | F36: =D5 -> 15 | G36: =sum(C36+C37+E36)/ 1120 -> 0.66160714
A37: D1(2.E) | C37: =C4 -> 392 | D37: =C6 -> 391
A38: D2(2.0) | B38: =B20 -> 631 | C38: =C20 -> 156 | D38: =C22 -> 166 | E38: =D20 -> 0 | F38: =D22 -> 0 | G38: =sum(C38+C39+E38)/ 1120 -> 0.23125
A39: D2(2.E) | C39: =C21 -> 103 | D39: =C23 -> 121
A40: D3(2.0) | B40: =I3 -> 202 | C40: =J3 -> 43 | D40: =J5 -> 49 | E40: =K3 -> 0 | F40: =K5 -> 0 | G40: =sum(C40+C41+E40)/ 1120 -> 0.053571429
A41: D3(2.E) | C41: =J4 -> 17 | D41: =J6 -> 17
A42: D4(2.0)
A43: D4(2.E)
